structure_id,native_refold_tm_percent,reference_mode,backend,backend_label
10zo_H_A,87.44653992478023,relaxed,esmfold2,ESM
10zo_H_B,92.63533166624504,relaxed,esmfold2,ESM
11ol_H_A,96.5465792325292,relaxed,esmfold2,ESM
11oo_H_A,96.99309131532226,relaxed,esmfold2,ESM
11oq_H_A,96.46853079604328,relaxed,esmfold2,ESM
11or_H_A,94.9409021012784,relaxed,esmfold2,ESM
11ou_H_A,94.29014541676864,relaxed,esmfold2,ESM
11zw_H_A,93.23580559907128,relaxed,esmfold2,ESM
1bzq_H_A,99.20881300628062,relaxed,esmfold2,ESM
1bzq_H_B,99.33151171228182,relaxed,esmfold2,ESM
1bzq_H_C,99.20255204413635,relaxed,esmfold2,ESM
1bzq_H_D,99.25169022189677,relaxed,esmfold2,ESM
1jto_H_A,98.75901682275436,relaxed,esmfold2,ESM
1jto_H_B,98.48810589315076,relaxed,esmfold2,ESM
1mel_H_A,98.986956942537,relaxed,esmfold2,ESM
1mel_H_B,98.49256303510178,relaxed,esmfold2,ESM
1op9_H_A,99.49235960178056,relaxed,esmfold2,ESM
1zmy_H_A,98.09045355721932,relaxed,esmfold2,ESM
1zvh_H_A,97.6620149741431,relaxed,esmfold2,ESM
1zvy_H_A,99.36731589264224,relaxed,esmfold2,ESM
2p42_H_A,98.88774128587409,relaxed,esmfold2,ESM
2p42_H_B,99.45625325296396,relaxed,esmfold2,ESM
2p43_H_A,97.32712389360258,relaxed,esmfold2,ESM
2p44_H_A,96.88005247666204,relaxed,esmfold2,ESM
2p45_H_A,99.56812085538876,relaxed,esmfold2,ESM
2p47_H_A,98.37900022677351,relaxed,esmfold2,ESM
2p49_H_A,96.98704781842868,relaxed,esmfold2,ESM
2p4a_H_A,99.60481157592976,relaxed,esmfold2,ESM
2p4a_H_B,99.7214228490292,relaxed,esmfold2,ESM
2vyr_H_A,98.1069236237541,relaxed,esmfold2,ESM
2vyr_H_C,82.79650925906611,relaxed,esmfold2,ESM
2vyr_H_D,82.93768984564014,relaxed,esmfold2,ESM
2xv6_H_A,96.3592273837426,relaxed,esmfold2,ESM
2xv6_H_B,94.16512053082808,relaxed,esmfold2,ESM
3cfi_H_A,91.75215220746357,relaxed,esmfold2,ESM
3cfi_H_B,88.01423470520704,relaxed,esmfold2,ESM
3cfi_H_C,90.72823026652948,relaxed,esmfold2,ESM
3cfi_H_D,93.87632391203094,relaxed,esmfold2,ESM
3g9a_H_A,99.54988675489112,relaxed,esmfold2,ESM
3k1k_H_A,92.84519744864238,relaxed,esmfold2,ESM
3k1k_H_B,95.48371064665984,relaxed,esmfold2,ESM
3k74_H_A,98.4995461084312,relaxed,esmfold2,ESM
3k7u_H_A,88.32953039479392,relaxed,esmfold2,ESM
3k80_H_A,92.42929880290389,relaxed,esmfold2,ESM
3k80_H_B,88.89447636769333,relaxed,esmfold2,ESM
3ogo_H_A,99.3113073742699,relaxed,esmfold2,ESM
3p9w_H_A,95.21541975538878,relaxed,esmfold2,ESM
3p9w_H_B,95.05306650938115,relaxed,esmfold2,ESM
3p9w_H_C,96.23156464835522,relaxed,esmfold2,ESM
3p9w_H_D,92.54252060155363,relaxed,esmfold2,ESM
3qsk_H_A,96.30396757287284,relaxed,esmfold2,ESM
3zhd_H_A,93.95463640734276,relaxed,esmfold2,ESM
4dk3_H_A,86.24983685067018,relaxed,esmfold2,ESM
4dk3_H_B,76.21968047081188,relaxed,esmfold2,ESM
4dk6_H_A,88.65794642565051,relaxed,esmfold2,ESM
4dk6_H_B,83.46024350061919,relaxed,esmfold2,ESM
4eig_H_A,99.03929328068276,relaxed,esmfold2,ESM
4eiz_H_A,96.55179620988832,relaxed,esmfold2,ESM
4eiz_H_B,98.47411011707668,relaxed,esmfold2,ESM
4ej1_H_A,98.57975548079844,relaxed,esmfold2,ESM
4ej1_H_B,98.67976273143536,relaxed,esmfold2,ESM
4fhb_H_A,97.36071646516622,relaxed,esmfold2,ESM
4hep_H_A,88.3634996000367,relaxed,esmfold2,ESM
4ios_H_A,98.0708892290288,relaxed,esmfold2,ESM
4kml_H_A,88.27630281860274,relaxed,esmfold2,ESM
4n9o_H_A,89.92119084466914,relaxed,esmfold2,ESM
4nbx_H_A,92.57012760370291,relaxed,esmfold2,ESM
4nby_H_A,97.8867303097083,relaxed,esmfold2,ESM
4nby_H_B,97.33092260891668,relaxed,esmfold2,ESM
4nbz_H_A,96.72235088052182,relaxed,esmfold2,ESM
4nbz_H_B,96.97965699035642,relaxed,esmfold2,ESM
4nc0_H_A,97.4826315165445,relaxed,esmfold2,ESM
4nc1_H_A,91.09539857131,relaxed,esmfold2,ESM
4nc1_H_B,97.0870657918514,relaxed,esmfold2,ESM
4nc1_H_C,95.18565012868376,relaxed,esmfold2,ESM
4nc1_H_D,95.99562958833056,relaxed,esmfold2,ESM
4nc2_H_A,87.26347018217469,relaxed,esmfold2,ESM
4orz_H_A,82.8478821952231,relaxed,esmfold2,ESM
4pgj_H_A,98.57433923366273,relaxed,esmfold2,ESM
4pgj_H_B,98.96592808338757,relaxed,esmfold2,ESM
4pou_H_A,94.71224378505796,relaxed,esmfold2,ESM
4qo1_H_A,98.97827452613562,relaxed,esmfold2,ESM
4s10_H_A,96.76089998172698,relaxed,esmfold2,ESM
4s10_H_B,95.84472960753756,relaxed,esmfold2,ESM
4u3x_H_A,98.54321199375522,relaxed,esmfold2,ESM
4u3x_H_B,98.46729858330464,relaxed,esmfold2,ESM
4w2q_H_A,59.51425117699844,relaxed,esmfold2,ESM
4w2q_H_B,91.1985446818778,relaxed,esmfold2,ESM
4w2q_H_C,52.48806036755565,relaxed,esmfold2,ESM
4w2q_H_D,90.37698499370669,relaxed,esmfold2,ESM
4w6w_H_A,76.10025534630007,relaxed,esmfold2,ESM
4w6x_H_A,93.71807367797489,relaxed,esmfold2,ESM
4weu_H_A,81.20043442591911,relaxed,esmfold2,ESM
4weu_H_B,97.57154702898654,relaxed,esmfold2,ESM
4y7m_H_A,97.92819924936768,relaxed,esmfold2,ESM
4y7m_H_B,91.96678515667467,relaxed,esmfold2,ESM
5bop_H_A,34.68654103608577,relaxed,esmfold2,ESM
5bop_H_B,35.8358884313718,relaxed,esmfold2,ESM
5c2u_H_A,96.59326747394036,relaxed,esmfold2,ESM
5dmj_H_A,90.4768434018522,relaxed,esmfold2,ESM
5dmj_H_B,89.18588059498833,relaxed,esmfold2,ESM
5dmj_H_C,67.8199911464771,relaxed,esmfold2,ESM
5e0q_H_A,97.89938544232164,relaxed,esmfold2,ESM
5e5m_H_A,98.18221268820388,relaxed,esmfold2,ESM
5e5m_H_B,96.28757588241488,relaxed,esmfold2,ESM
5e5m_H_C,94.95092937804615,relaxed,esmfold2,ESM
5e5m_H_D,94.65200274491038,relaxed,esmfold2,ESM
5f1k_H_A,96.23606629774922,relaxed,esmfold2,ESM
5f1k_H_B,99.15943170014285,relaxed,esmfold2,ESM
5f1o_H_A,98.33512711648882,relaxed,esmfold2,ESM
5fv2_H_A,95.38334990985236,relaxed,esmfold2,ESM
5fv2_H_B,93.29712358899133,relaxed,esmfold2,ESM
5fv2_H_C,94.78243587881283,relaxed,esmfold2,ESM
5g5r_H_A,94.5414010211622,relaxed,esmfold2,ESM
5g5x_H_A,95.52401164064383,relaxed,esmfold2,ESM
5h8o_H_A,59.4883095792685,relaxed,esmfold2,ESM
5ihl_H_A,80.41762722863355,relaxed,esmfold2,ESM
5ihl_H_B,78.74505538716198,relaxed,esmfold2,ESM
5imk_H_A,95.95284958855228,relaxed,esmfold2,ESM
5iml_H_A,97.71244423044855,relaxed,esmfold2,ESM
5ip4_H_A,82.07579268924341,relaxed,esmfold2,ESM
5ip4_H_B,80.39324036655297,relaxed,esmfold2,ESM
5ja8_H_A,88.8461963561699,relaxed,esmfold2,ESM
5lhr_H_A,99.2546867196554,relaxed,esmfold2,ESM
5m2m_H_A,95.99468299795598,relaxed,esmfold2,ESM
5m2m_H_B,96.82794872159278,relaxed,esmfold2,ESM
5m2m_H_C,96.72504136720758,relaxed,esmfold2,ESM
5m2m_H_D,96.6556868000559,relaxed,esmfold2,ESM
5m2m_H_E,96.50642016625476,relaxed,esmfold2,ESM
5m2m_H_F,92.29349323236003,relaxed,esmfold2,ESM
5mp2_H_A,54.27108314039236,relaxed,esmfold2,ESM
5mp2_H_B,33.91715317907153,relaxed,esmfold2,ESM
5n88_H_A,95.28099855080244,relaxed,esmfold2,ESM
5n88_H_B,92.95228624127232,relaxed,esmfold2,ESM
5o2u_H_A,94.91505448240926,relaxed,esmfold2,ESM
5o2u_H_B,94.39154748318992,relaxed,esmfold2,ESM
5ocl_H_A,80.0828127182204,relaxed,esmfold2,ESM
5ocl_H_B,97.98571534432445,relaxed,esmfold2,ESM
5ocl_H_C,88.684481446918,relaxed,esmfold2,ESM
5ocl_H_D,97.78373843426724,relaxed,esmfold2,ESM
5ocl_H_E,96.45419068544612,relaxed,esmfold2,ESM
5ocl_H_F,89.92956520851111,relaxed,esmfold2,ESM
5ocl_H_G,99.12380675318592,relaxed,esmfold2,ESM
5ocl_I_A,80.02142386979185,relaxed,esmfold2,ESM
5ovw_H_A,97.791257059981,relaxed,esmfold2,ESM
5sv3_H_A,97.7020861150098,relaxed,esmfold2,ESM
5sv3_H_B,97.4022382288914,relaxed,esmfold2,ESM
5vxm_H_A,59.30878301065919,relaxed,esmfold2,ESM
6app_H_A,89.69975425371568,relaxed,esmfold2,ESM
6c5w_H_A,18.80075750025747,relaxed,esmfold2,ESM
6dbf_H_A,99.13838028139769,relaxed,esmfold2,ESM
6ey0_H_A,90.46831968694067,relaxed,esmfold2,ESM
6ey0_H_B,91.04107138899474,relaxed,esmfold2,ESM
6ey0_H_C,93.27999861046106,relaxed,esmfold2,ESM
6ey0_H_D,91.67333535029682,relaxed,esmfold2,ESM
6gjq_H_A,95.24448711008505,relaxed,esmfold2,ESM
6gjq_H_B,95.49304043748695,relaxed,esmfold2,ESM
6gjq_H_C,95.4282274570136,relaxed,esmfold2,ESM
6gjq_H_D,95.4419706611756,relaxed,esmfold2,ESM
6gjs_H_A,97.26033483594564,relaxed,esmfold2,ESM
6gjs_H_B,96.89277453510935,relaxed,esmfold2,ESM
6gju_H_A,90.1505566365978,relaxed,esmfold2,ESM
6gju_H_B,90.87291114973644,relaxed,esmfold2,ESM
6gk4_H_A,97.59532225329366,relaxed,esmfold2,ESM
6gk4_H_B,75.74589492766064,relaxed,esmfold2,ESM
6ir1_H_A,98.8727826345702,relaxed,esmfold2,ESM
6ir2_H_A,99.1081200469828,relaxed,esmfold2,ESM
6jri_H_A,87.16945918331771,relaxed,esmfold2,ESM
6jri_H_B,90.96543032578325,relaxed,esmfold2,ESM
6jri_H_C,92.94859352042155,relaxed,esmfold2,ESM
6jri_H_D,92.22136607937529,relaxed,esmfold2,ESM
6lr7_H_A,95.21521158815564,relaxed,esmfold2,ESM
6r7t_H_A,84.86555547070364,relaxed,esmfold2,ESM
6rpj_H_A,95.8460675611722,relaxed,esmfold2,ESM
6rpj_H_D,95.62068314957796,relaxed,esmfold2,ESM
6rqm_H_A,56.914100997057446,relaxed,esmfold2,ESM
6rvc_H_A,64.92609722760687,relaxed,esmfold2,ESM
6rvc_H_B,57.72467866072907,relaxed,esmfold2,ESM
6rvc_H_C,56.46384248965533,relaxed,esmfold2,ESM
6u12_H_A,99.30475806416462,relaxed,esmfold2,ESM
6u54_H_A,95.67945131806076,relaxed,esmfold2,ESM
6u55_H_A,86.69736003834856,relaxed,esmfold2,ESM
6waq_H_A,91.10199944986071,relaxed,esmfold2,ESM
6war_H_A,97.32218172255928,relaxed,esmfold2,ESM
6war_H_B,97.9038696711708,relaxed,esmfold2,ESM
6war_H_C,97.50540283620084,relaxed,esmfold2,ESM
6war_H_D,97.81015921147146,relaxed,esmfold2,ESM
6war_H_E,97.52995462919272,relaxed,esmfold2,ESM
6war_H_F,97.5292745593064,relaxed,esmfold2,ESM
6war_H_G,97.61968388521257,relaxed,esmfold2,ESM
6war_I_A,97.72653413986536,relaxed,esmfold2,ESM
6ww2_H_A,67.59787509809973,relaxed,esmfold2,ESM
6xzu_H_A,98.13474273031828,relaxed,esmfold2,ESM
6y1r_H_A,33.247835032411515,relaxed,esmfold2,ESM
6yz7_H_A,98.22920665444168,relaxed,esmfold2,ESM
6yz7_H_B,98.10084832577924,relaxed,esmfold2,ESM
6z2m_H_A,97.26591779315032,relaxed,esmfold2,ESM
6z2m_H_B,98.8189293627881,relaxed,esmfold2,ESM
6zcz_H_A,98.08697286052362,relaxed,esmfold2,ESM
6zh9_H_A,98.3393988089402,relaxed,esmfold2,ESM
7aej_H_A,1.5934619786363964,relaxed,esmfold2,ESM
7anq_H_A,92.246820769548,relaxed,esmfold2,ESM
7azb_H_A,98.74542504950122,relaxed,esmfold2,ESM
7b14_H_A,93.99991863903595,relaxed,esmfold2,ESM
7b27_H_A,79.58103087691862,relaxed,esmfold2,ESM
7b27_H_B,98.0742889761269,relaxed,esmfold2,ESM
7b5g_H_A,93.53981519685584,relaxed,esmfold2,ESM
7b5g_H_B,95.77288994711874,relaxed,esmfold2,ESM
7b5g_H_C,92.64349988911582,relaxed,esmfold2,ESM
7b5g_H_D,92.41940830807692,relaxed,esmfold2,ESM
7c8w_H_A,97.63681473237985,relaxed,esmfold2,ESM
7can_H_A,96.85939846039987,relaxed,esmfold2,ESM
7cz0_H_A,99.20759200240327,relaxed,esmfold2,ESM
7cz0_H_B,98.71697183376772,relaxed,esmfold2,ESM
7cz0_H_C,98.93397539536176,relaxed,esmfold2,ESM
7cz0_H_D,99.08752780687652,relaxed,esmfold2,ESM
7czd_H_A,98.67432229029052,relaxed,esmfold2,ESM
7d6y_H_A,97.6332287326984,relaxed,esmfold2,ESM
7d8b_H_A,96.34650174358372,relaxed,esmfold2,ESM
7d8b_H_B,96.99821903975456,relaxed,esmfold2,ESM
7dst_H_A,30.426262840969475,relaxed,esmfold2,ESM
7e53_H_A,99.24990950941034,relaxed,esmfold2,ESM
7eow_H_A,99.45825952204966,relaxed,esmfold2,ESM
7fat_H_A,93.06633851917204,relaxed,esmfold2,ESM
7fau_H_A,93.2119254061944,relaxed,esmfold2,ESM
7jhg_H_A,63.12363623027577,relaxed,esmfold2,ESM
7jhh_H_A,63.215771232253005,relaxed,esmfold2,ESM
7jkm_H_A,70.92784720412834,relaxed,esmfold2,ESM
7kgj_H_A,98.26036267812265,relaxed,esmfold2,ESM
7kgk_H_A,98.94089540800364,relaxed,esmfold2,ESM
7klw_H_A,97.59817421721566,relaxed,esmfold2,ESM
7klw_H_B,97.54627041082205,relaxed,esmfold2,ESM
7km5_H_A,97.34363878177764,relaxed,esmfold2,ESM
7km5_H_B,98.07705393033405,relaxed,esmfold2,ESM
7kn5_H_A,98.53158888548612,relaxed,esmfold2,ESM
7kn5_H_B,98.84989809301914,relaxed,esmfold2,ESM
7kn6_H_A,96.94511062277464,relaxed,esmfold2,ESM
7kn7_H_A,94.3376488168662,relaxed,esmfold2,ESM
7ldj_H_A,97.25185482064228,relaxed,esmfold2,ESM
7ldj_H_B,91.67808067371372,relaxed,esmfold2,ESM
7ldj_H_C,94.72074174712648,relaxed,esmfold2,ESM
7ldj_H_D,96.90979652034436,relaxed,esmfold2,ESM
7lx5_H_A,97.35559117728938,relaxed,esmfold2,ESM
7lx5_H_B,97.70606033257816,relaxed,esmfold2,ESM
7m74_H_A,64.4656819036771,relaxed,esmfold2,ESM
7mdw_H_A,93.93206309249516,relaxed,esmfold2,ESM
7mdw_H_B,94.68773980214904,relaxed,esmfold2,ESM
7mej_H_A,86.80241227532083,relaxed,esmfold2,ESM
7mji_H_A,98.29776661811908,relaxed,esmfold2,ESM
7n0r_H_A,93.83567567917392,relaxed,esmfold2,ESM
7n0r_H_B,95.04996091246942,relaxed,esmfold2,ESM
7n9a_H_A,95.42060579295018,relaxed,esmfold2,ESM
7n9u_H_A,70.4257186423638,relaxed,esmfold2,ESM
7n9u_H_B,39.74941087729116,relaxed,esmfold2,ESM
7n9v_H_A,81.20336675100049,relaxed,esmfold2,ESM
7n9v_H_B,86.31496542423798,relaxed,esmfold2,ESM
7n9v_H_C,83.24347769197782,relaxed,esmfold2,ESM
7n9v_H_D,90.62277508931386,relaxed,esmfold2,ESM
7n9x_H_A,37.16832270860978,relaxed,esmfold2,ESM
7n9x_H_B,37.396263747804575,relaxed,esmfold2,ESM
7n9x_H_C,92.73391020157376,relaxed,esmfold2,ESM
7ndf_H_A,89.11753951479935,relaxed,esmfold2,ESM
7ndf_H_B,93.3494648835831,relaxed,esmfold2,ESM
7nll_H_A,97.54922366718348,relaxed,esmfold2,ESM
7nll_H_B,97.6696956683496,relaxed,esmfold2,ESM
7nmu_H_A,32.51411252286386,relaxed,esmfold2,ESM
7nmu_H_B,32.76266365344738,relaxed,esmfold2,ESM
7now_H_A,98.31318454847812,relaxed,esmfold2,ESM
7now_H_B,98.68440885812714,relaxed,esmfold2,ESM
7nvo_H_A,95.44715368815504,relaxed,esmfold2,ESM
7nvo_H_B,96.21180890085002,relaxed,esmfold2,ESM
7nxx_H_A,98.69253301420554,relaxed,esmfold2,ESM
7o06_H_A,92.11145042067024,relaxed,esmfold2,ESM
7o0s_H_A,88.78187173934002,relaxed,esmfold2,ESM
7o31_H_A,98.9398232845673,relaxed,esmfold2,ESM
7oao_H_A,98.57268873422244,relaxed,esmfold2,ESM
7oap_H_A,95.61537638194612,relaxed,esmfold2,ESM
7oaq_H_A,95.82467603137854,relaxed,esmfold2,ESM
7oau_H_A,99.26497898261218,relaxed,esmfold2,ESM
7oay_H_A,98.81161188548128,relaxed,esmfold2,ESM
7oay_H_B,98.60133187186882,relaxed,esmfold2,ESM
7oay_H_C,98.5091853036587,relaxed,esmfold2,ESM
7oay_H_D,98.56245088774078,relaxed,esmfold2,ESM
7oay_H_E,98.90645107562256,relaxed,esmfold2,ESM
7oay_H_F,98.62775950259386,relaxed,esmfold2,ESM
7olz_H_A,83.92234348818704,relaxed,esmfold2,ESM
7ozt_H_A,97.83977238160972,relaxed,esmfold2,ESM
7php_H_A,53.69484811088034,relaxed,esmfold2,ESM
7phq_H_A,65.76073113706082,relaxed,esmfold2,ESM
7phq_H_B,69.2293348283806,relaxed,esmfold2,ESM
7pij_H_A,69.50269864462227,relaxed,esmfold2,ESM
7q3r_H_A,97.29668698995022,relaxed,esmfold2,ESM
7q6c_H_A,97.98419490661496,relaxed,esmfold2,ESM
7r1z_H_A,25.99925175604981,relaxed,esmfold2,ESM
7r1z_H_B,20.357995877475428,relaxed,esmfold2,ESM
7r23_H_A,88.37567207166134,relaxed,esmfold2,ESM
7r23_H_B,83.89902781104789,relaxed,esmfold2,ESM
7r24_H_A,37.070317187270895,relaxed,esmfold2,ESM
7r24_H_B,78.50696619584357,relaxed,esmfold2,ESM
7r98_H_A,93.798793922481,relaxed,esmfold2,ESM
7r98_H_B,79.8335584881563,relaxed,esmfold2,ESM
7r98_H_C,93.43175298605992,relaxed,esmfold2,ESM
7rby_H_A,97.6815239226718,relaxed,esmfold2,ESM
7rby_H_B,98.34870818501685,relaxed,esmfold2,ESM
7saj_H_A,99.02356352646864,relaxed,esmfold2,ESM
7saj_H_B,98.7555752090575,relaxed,esmfold2,ESM
7saj_H_C,98.98185658721668,relaxed,esmfold2,ESM
7saj_H_D,98.95328886991834,relaxed,esmfold2,ESM
7saj_H_E,99.0124045918391,relaxed,esmfold2,ESM
7sak_H_A,91.56136975674566,relaxed,esmfold2,ESM
7sk5_H_A,82.79378865545117,relaxed,esmfold2,ESM
7sk7_H_A,72.36225313969847,relaxed,esmfold2,ESM
7tuy_H_A,65.62583007462503,relaxed,esmfold2,ESM
7vnb_H_A,84.75098699572982,relaxed,esmfold2,ESM
7voa_H_A,98.01894321496256,relaxed,esmfold2,ESM
7w1s_H_A,97.87471972687656,relaxed,esmfold2,ESM
7wd1_H_A,98.7240816204743,relaxed,esmfold2,ESM
7wd1_H_B,98.55278309613912,relaxed,esmfold2,ESM
7wki_H_A,89.84253523515262,relaxed,esmfold2,ESM
7wpd_H_A,76.56317537910556,relaxed,esmfold2,ESM
7wpe_H_A,86.85568370825445,relaxed,esmfold2,ESM
7wpe_H_B,85.93464066418768,relaxed,esmfold2,ESM
7wpf_H_A,81.51289848088076,relaxed,esmfold2,ESM
7wpf_H_B,78.68164711951073,relaxed,esmfold2,ESM
7wpf_H_C,83.40423412427931,relaxed,esmfold2,ESM
7x2j_H_A,97.9713025534179,relaxed,esmfold2,ESM
7x2k_H_A,98.48179556935138,relaxed,esmfold2,ESM
7x2m_H_A,98.1957265451912,relaxed,esmfold2,ESM
7x7d_H_A,96.59737689224347,relaxed,esmfold2,ESM
7x7d_H_B,97.80027351050153,relaxed,esmfold2,ESM
7x7d_H_C,97.06889812333142,relaxed,esmfold2,ESM
7x7e_H_A,98.1632382683934,relaxed,esmfold2,ESM
7x7e_H_B,98.04319845845652,relaxed,esmfold2,ESM
7x7e_H_C,98.0778132605534,relaxed,esmfold2,ESM
7xod_H_A,74.98960546653642,relaxed,esmfold2,ESM
7xod_H_B,81.0695110575905,relaxed,esmfold2,ESM
7xod_H_C,77.48686073954532,relaxed,esmfold2,ESM
7xqv_H_A,75.90987391320483,relaxed,esmfold2,ESM
7xtp_H_A,96.95237603013264,relaxed,esmfold2,ESM
7xtp_H_B,96.70598308494884,relaxed,esmfold2,ESM
7y0o_H_A,90.2924954543876,relaxed,esmfold2,ESM
7yud_H_A,78.18972034557086,relaxed,esmfold2,ESM
7yuf_H_A,78.37541382829238,relaxed,esmfold2,ESM
7z1a_H_A,98.63071259656246,relaxed,esmfold2,ESM
7z1a_H_B,98.5599473941504,relaxed,esmfold2,ESM
7z1a_H_C,98.38991746006889,relaxed,esmfold2,ESM
7z1a_H_D,98.39544212558609,relaxed,esmfold2,ESM
7z1b_H_A,98.29856363330131,relaxed,esmfold2,ESM
7z1b_H_B,98.09890881234269,relaxed,esmfold2,ESM
7z1b_H_C,97.70321871105166,relaxed,esmfold2,ESM
7z1b_H_D,97.5969386924255,relaxed,esmfold2,ESM
7z1c_H_A,98.30600916322076,relaxed,esmfold2,ESM
7z1c_H_B,98.2565781383161,relaxed,esmfold2,ESM
7z1d_H_A,99.3796760849917,relaxed,esmfold2,ESM
7z1e_H_A,98.57018028013805,relaxed,esmfold2,ESM
7zf4_H_A,96.39605201578776,relaxed,esmfold2,ESM
7zfb_H_A,97.32288440379648,relaxed,esmfold2,ESM
7zfb_H_B,97.66412120232704,relaxed,esmfold2,ESM
7zfc_H_A,93.78426874540904,relaxed,esmfold2,ESM
7zfe_H_A,95.96255459046732,relaxed,esmfold2,ESM
7zfe_H_B,95.84067343914424,relaxed,esmfold2,ESM
7zfe_H_C,95.57601431715064,relaxed,esmfold2,ESM
7zfe_H_D,60.723032737575934,relaxed,esmfold2,ESM
7zk1_H_A,86.65034899879875,relaxed,esmfold2,ESM
7zk1_H_B,88.85471061928713,relaxed,esmfold2,ESM
7zkz_H_A,96.93121921900058,relaxed,esmfold2,ESM
7zkz_H_B,96.37424503966044,relaxed,esmfold2,ESM
7zlg_H_A,70.23663837957156,relaxed,esmfold2,ESM
7zlh_H_A,74.06469771641227,relaxed,esmfold2,ESM
7zli_H_A,66.98086678129388,relaxed,esmfold2,ESM
7zlj_H_A,62.79646661134532,relaxed,esmfold2,ESM
7zyi_H_A,71.8377058921025,relaxed,esmfold2,ESM
8aom_H_A,93.23028038230892,relaxed,esmfold2,ESM
8bev_H_A,93.12520571264876,relaxed,esmfold2,ESM
8c3k_H_A,90.71399865176846,relaxed,esmfold2,ESM
8c8p_H_A,95.41720438093134,relaxed,esmfold2,ESM
8cii_H_A,98.46882286495784,relaxed,esmfold2,ESM
8cwv_H_A,98.116024950682,relaxed,esmfold2,ESM
8cyj_H_A,87.49313160815836,relaxed,esmfold2,ESM
8cyj_H_B,87.73334696052817,relaxed,esmfold2,ESM
8cyj_H_C,85.86745914439308,relaxed,esmfold2,ESM
8cyj_H_D,87.98433678719893,relaxed,esmfold2,ESM
8di5_H_A,95.520889709443,relaxed,esmfold2,ESM
8dly_H_A,94.40828412774074,relaxed,esmfold2,ESM
8dm0_H_A,94.1812187439807,relaxed,esmfold2,ESM
8dqu_H_A,24.53658209821512,relaxed,esmfold2,ESM
8dqu_H_B,28.55394801983497,relaxed,esmfold2,ESM
8elo_H_A,98.48217507177225,relaxed,esmfold2,ESM
8elp_H_A,98.8389836552534,relaxed,esmfold2,ESM
8elq_H_A,98.01809019247888,relaxed,esmfold2,ESM
8ew6_H_A,87.52223269314965,relaxed,esmfold2,ESM
8g79_H_A,95.53377987135907,relaxed,esmfold2,ESM
8g79_H_B,95.01226047963436,relaxed,esmfold2,ESM
8g79_H_C,95.32426922064468,relaxed,esmfold2,ESM
8gq5_H_A,47.21109194382248,relaxed,esmfold2,ESM
8gq5_H_B,45.33633821252095,relaxed,esmfold2,ESM
8gq5_H_C,46.673437850130846,relaxed,esmfold2,ESM
8gq5_H_D,49.36016523073004,relaxed,esmfold2,ESM
8gq5_H_E,56.71488168170703,relaxed,esmfold2,ESM
8gq5_H_F,79.72350584088767,relaxed,esmfold2,ESM
8gq5_H_G,79.37820139656529,relaxed,esmfold2,ESM
8gq5_I_A,59.09048124236723,relaxed,esmfold2,ESM
8gq5_I_B,61.825870515704274,relaxed,esmfold2,ESM
8gq5_I_C,60.616373272079805,relaxed,esmfold2,ESM
8gq5_I_D,63.31386508889091,relaxed,esmfold2,ESM
8gq5_I_E,57.46044170716961,relaxed,esmfold2,ESM
8gq5_I_F,54.94760795157583,relaxed,esmfold2,ESM
8gq5_I_G,58.9319014430578,relaxed,esmfold2,ESM
8gq5_J_A,59.99387536500432,relaxed,esmfold2,ESM
8gq5_J_B,44.3334801227632,relaxed,esmfold2,ESM
8gsi_H_A,71.58802279448696,relaxed,esmfold2,ESM
8h5t_H_A,94.40676103741026,relaxed,esmfold2,ESM
8h5u_H_A,98.22906202607248,relaxed,esmfold2,ESM
8h5u_H_B,98.41030718473696,relaxed,esmfold2,ESM
8h91_H_A,98.22053121136172,relaxed,esmfold2,ESM
8h91_H_B,99.102380266644,relaxed,esmfold2,ESM
8hbg_H_A,30.75422154445201,relaxed,esmfold2,ESM
8hbi_H_A,25.121108410059623,relaxed,esmfold2,ESM
8hbj_H_A,30.8477045784138,relaxed,esmfold2,ESM
8hbj_H_B,24.64735512891913,relaxed,esmfold2,ESM
8heg_H_A,24.04975837358867,relaxed,esmfold2,ESM
8hii_H_A,59.625376322417445,relaxed,esmfold2,ESM
8hij_H_A,58.91011596873382,relaxed,esmfold2,ESM
8hik_H_A,66.94381287707546,relaxed,esmfold2,ESM
8hr2_H_A,94.83421454173316,relaxed,esmfold2,ESM
8hr2_H_B,95.3505238013894,relaxed,esmfold2,ESM
8ilx_H_A,99.30713312183283,relaxed,esmfold2,ESM
8ilx_H_B,99.42389179943557,relaxed,esmfold2,ESM
8im0_H_A,99.30021229322487,relaxed,esmfold2,ESM
8im1_H_A,99.41857052393313,relaxed,esmfold2,ESM
8j5j_H_A,97.59999568726772,relaxed,esmfold2,ESM
8j9o_H_A,59.5932491071676,relaxed,esmfold2,ESM
8jh7_H_A,66.25209568628435,relaxed,esmfold2,ESM
8jhc_H_A,63.33740141931096,relaxed,esmfold2,ESM
8jys_H_A,85.55220714788935,relaxed,esmfold2,ESM
8jys_H_B,90.20652077081714,relaxed,esmfold2,ESM
8k33_H_A,99.50481256774356,relaxed,esmfold2,ESM
8k33_H_B,99.6039885473082,relaxed,esmfold2,ESM
8k33_H_C,99.7215562093631,relaxed,esmfold2,ESM
8k33_H_D,99.24192120915625,relaxed,esmfold2,ESM
8k33_H_E,99.4997823393804,relaxed,esmfold2,ESM
8k33_H_F,99.68012670190971,relaxed,esmfold2,ESM
8k33_H_G,99.59250365419187,relaxed,esmfold2,ESM
8k33_I_A,99.7047031753908,relaxed,esmfold2,ESM
8k33_I_B,99.56160563844176,relaxed,esmfold2,ESM
8k33_I_C,99.62725024857384,relaxed,esmfold2,ESM
8k33_I_D,99.63705214797616,relaxed,esmfold2,ESM
8k33_I_E,99.63825410624663,relaxed,esmfold2,ESM
8k3a_H_A,99.09134152115406,relaxed,esmfold2,ESM
8k3l_H_A,99.47030844332608,relaxed,esmfold2,ESM
8k3l_H_B,99.16289054798268,relaxed,esmfold2,ESM
8k3l_H_C,98.96882407248042,relaxed,esmfold2,ESM
8k3l_H_D,99.41487623206903,relaxed,esmfold2,ESM
8k4q_H_A,96.23511563798044,relaxed,esmfold2,ESM
8kae_H_A,71.08342217827898,relaxed,esmfold2,ESM
8odx_H_A,89.87919939319838,relaxed,esmfold2,ESM
8owt_H_A,97.62533142875904,relaxed,esmfold2,ESM
8owt_H_B,97.7472209654548,relaxed,esmfold2,ESM
8owt_H_C,98.54871414854468,relaxed,esmfold2,ESM
8owt_H_D,98.68346691682488,relaxed,esmfold2,ESM
8owv_H_A,97.3857156183493,relaxed,esmfold2,ESM
8ozb_H_A,93.95916443669388,relaxed,esmfold2,ESM
8ozb_H_B,95.02955686254236,relaxed,esmfold2,ESM
8pih_H_A,89.780138840433,relaxed,esmfold2,ESM
8pih_H_B,94.7756602221871,relaxed,esmfold2,ESM
8pkc_H_A,96.17024856076178,relaxed,esmfold2,ESM
8pkc_H_B,96.87346032391191,relaxed,esmfold2,ESM
8q7s_H_A,96.74979980853816,relaxed,esmfold2,ESM
8q7s_H_B,98.79148907958708,relaxed,esmfold2,ESM
8q7s_H_C,98.67018067367908,relaxed,esmfold2,ESM
8q7s_H_D,98.6273644291298,relaxed,esmfold2,ESM
8q7s_H_E,98.7987818095176,relaxed,esmfold2,ESM
8q7s_H_F,97.3708677080526,relaxed,esmfold2,ESM
8q93_H_A,92.65227810301816,relaxed,esmfold2,ESM
8q93_H_B,92.48522746733472,relaxed,esmfold2,ESM
8q94_H_A,94.69451680775929,relaxed,esmfold2,ESM
8q94_H_B,93.9900910421675,relaxed,esmfold2,ESM
8q95_H_A,93.23198491587914,relaxed,esmfold2,ESM
8q95_H_B,90.66419526570633,relaxed,esmfold2,ESM
8qf3_H_A,27.817510826093805,relaxed,esmfold2,ESM
8qf3_H_B,27.257601708143675,relaxed,esmfold2,ESM
8qf5_H_A,42.92979161084502,relaxed,esmfold2,ESM
8qf5_H_B,66.4711849549758,relaxed,esmfold2,ESM
8qgx_H_A,99.58719759574484,relaxed,esmfold2,ESM
8qj2_H_A,89.68334152423827,relaxed,esmfold2,ESM
8qot_H_A,63.8308998217849,relaxed,esmfold2,ESM
8r61_H_A,95.52433775085768,relaxed,esmfold2,ESM
8r61_H_B,96.67352182983504,relaxed,esmfold2,ESM
8r61_H_C,96.893431585182,relaxed,esmfold2,ESM
8r61_H_D,96.31294212190204,relaxed,esmfold2,ESM
8r61_H_E,96.27675563048808,relaxed,esmfold2,ESM
8r61_H_F,97.51031936287156,relaxed,esmfold2,ESM
8r80_H_A,98.38402683778538,relaxed,esmfold2,ESM
8r80_H_B,97.35233197530997,relaxed,esmfold2,ESM
8rby_H_A,97.42804773709156,relaxed,esmfold2,ESM
8rcq_H_A,46.75380846634247,relaxed,esmfold2,ESM
8rj7_H_A,98.34079238430137,relaxed,esmfold2,ESM
8rj7_H_B,98.1809601840902,relaxed,esmfold2,ESM
8rj7_H_C,98.76407165312682,relaxed,esmfold2,ESM
8rj7_H_D,96.94327901848484,relaxed,esmfold2,ESM
8rj7_H_E,97.75015082013977,relaxed,esmfold2,ESM
8rmm_H_A,68.30905533050527,relaxed,esmfold2,ESM
8rqf_H_A,85.04904563061548,relaxed,esmfold2,ESM
8rwf_H_A,82.54085639727364,relaxed,esmfold2,ESM
8rwf_H_B,80.93420467276344,relaxed,esmfold2,ESM
8rwf_H_C,83.57559996378156,relaxed,esmfold2,ESM
8sk5_H_A,98.62902278480908,relaxed,esmfold2,ESM
8t58_H_A,49.734721231822135,relaxed,esmfold2,ESM
8t58_H_B,86.68433865845438,relaxed,esmfold2,ESM
8t9y_H_A,47.54642456466477,relaxed,esmfold2,ESM
8tb7_H_A,83.94387058770171,relaxed,esmfold2,ESM
8tgz_H_A,48.67109146898931,relaxed,esmfold2,ESM
8tii_H_A,64.43801960365695,relaxed,esmfold2,ESM
8u3s_H_A,97.14202884215396,relaxed,esmfold2,ESM
8u4v_H_A,69.65367346003943,relaxed,esmfold2,ESM
8u9y_H_A,65.79047374096865,relaxed,esmfold2,ESM
8uoa_H_A,84.2762254477865,relaxed,esmfold2,ESM
8w90_H_A,90.72593122796896,relaxed,esmfold2,ESM
8w90_H_B,94.86618641284062,relaxed,esmfold2,ESM
8w90_H_C,94.62536965202617,relaxed,esmfold2,ESM
8wnp_H_A,69.47192410295116,relaxed,esmfold2,ESM
8wnp_H_B,59.37785580109583,relaxed,esmfold2,ESM
8wnu_H_A,55.45593400991713,relaxed,esmfold2,ESM
8wnu_H_B,73.55365908722771,relaxed,esmfold2,ESM
8wo4_H_A,72.64629815780664,relaxed,esmfold2,ESM
8wo4_H_B,67.4782574075087,relaxed,esmfold2,ESM
8x7n_H_A,94.45889550925556,relaxed,esmfold2,ESM
8x7n_H_B,95.5843242920942,relaxed,esmfold2,ESM
8x7n_H_C,94.53250830916072,relaxed,esmfold2,ESM
8x7n_H_D,94.5227175298936,relaxed,esmfold2,ESM
8x7n_H_E,94.3838632309641,relaxed,esmfold2,ESM
8xk2_H_A,95.17603520028862,relaxed,esmfold2,ESM
8xk2_H_B,95.00433425523198,relaxed,esmfold2,ESM
8xk2_H_C,96.17292837157709,relaxed,esmfold2,ESM
8xk2_H_D,89.85050333054818,relaxed,esmfold2,ESM
8xld_H_A,98.5893452357777,relaxed,esmfold2,ESM
8xvj_H_A,72.69780550971142,relaxed,esmfold2,ESM
8xvk_H_A,65.09619052475847,relaxed,esmfold2,ESM
8xvl_H_A,70.59040502993078,relaxed,esmfold2,ESM
8ybl_H_A,98.6708948562467,relaxed,esmfold2,ESM
8ybm_H_A,98.38567723281608,relaxed,esmfold2,ESM
8ybm_H_B,97.9956414306052,relaxed,esmfold2,ESM
8ybn_H_A,95.58294189974184,relaxed,esmfold2,ESM
8ybo_H_A,98.68640200294948,relaxed,esmfold2,ESM
8ybo_H_B,98.76116440713236,relaxed,esmfold2,ESM
8ybp_H_A,96.9231753444808,relaxed,esmfold2,ESM
8yns_H_A,71.13880019462178,relaxed,esmfold2,ESM
8ynt_H_A,66.81604922145128,relaxed,esmfold2,ESM
8ysf_H_A,96.24291049830975,relaxed,esmfold2,ESM
8ysf_H_B,95.60645768261556,relaxed,esmfold2,ESM
8ysh_H_A,96.64824598035058,relaxed,esmfold2,ESM
8yw6_H_A,29.878496095058704,relaxed,esmfold2,ESM
8yw8_H_A,48.52549093212944,relaxed,esmfold2,ESM
8z8l_H_A,92.51446659877612,relaxed,esmfold2,ESM
8zbb_H_A,84.23066121964087,relaxed,esmfold2,ESM
8zer_H_A,98.11204828557646,relaxed,esmfold2,ESM
8zer_H_B,98.55785858655224,relaxed,esmfold2,ESM
8zer_H_C,97.69947647315178,relaxed,esmfold2,ESM
8zer_H_D,97.64605669013528,relaxed,esmfold2,ESM
8zer_H_E,97.91994406703246,relaxed,esmfold2,ESM
8zes_H_A,98.35360453412596,relaxed,esmfold2,ESM
8zes_H_B,98.03363937400935,relaxed,esmfold2,ESM
8zes_H_C,97.81770040312526,relaxed,esmfold2,ESM
8zes_H_D,98.36288983519012,relaxed,esmfold2,ESM
8zes_H_E,97.91220797240334,relaxed,esmfold2,ESM
8zrd_H_A,98.12352965286634,relaxed,esmfold2,ESM
8zrd_H_B,91.16034875059732,relaxed,esmfold2,ESM
9b2c_H_A,63.7854416792575,relaxed,esmfold2,ESM
9bei_H_A,65.18445297188535,relaxed,esmfold2,ESM
9cmi_H_A,78.62763879138855,relaxed,esmfold2,ESM
9co7_H_A,93.34533594525648,relaxed,esmfold2,ESM
9co9_H_A,93.69340923991828,relaxed,esmfold2,ESM
9d3e_H_A,66.18825328426618,relaxed,esmfold2,ESM
9d3g_H_A,67.53382145698306,relaxed,esmfold2,ESM
9dpe_H_A,75.64293017957519,relaxed,esmfold2,ESM
9ee5_H_A,59.83424592456741,relaxed,esmfold2,ESM
9ehs_H_A,64.31361332655075,relaxed,esmfold2,ESM
9ei5_H_A,69.38990340295344,relaxed,esmfold2,ESM
9ekh_H_A,66.53142628718946,relaxed,esmfold2,ESM
9ert_H_A,93.85025618340843,relaxed,esmfold2,ESM
9eru_H_A,92.52049060606244,relaxed,esmfold2,ESM
9eru_H_B,94.52677623935786,relaxed,esmfold2,ESM
9eru_H_C,95.67832664221928,relaxed,esmfold2,ESM
9eru_H_D,95.27327798566223,relaxed,esmfold2,ESM
9erw_H_A,92.94047601064604,relaxed,esmfold2,ESM
9etl_H_A,96.28559201884762,relaxed,esmfold2,ESM
9etl_H_B,96.21451727624408,relaxed,esmfold2,ESM
9ezi_H_A,98.72108134972848,relaxed,esmfold2,ESM
9ezu_H_A,97.7629295124912,relaxed,esmfold2,ESM
9ezw_H_A,98.31116783860875,relaxed,esmfold2,ESM
9fww_H_A,97.7989125968844,relaxed,esmfold2,ESM
9fzc_H_A,87.96444517706252,relaxed,esmfold2,ESM
9fzc_H_B,87.89348239947216,relaxed,esmfold2,ESM
9fzd_H_A,87.22269451865915,relaxed,esmfold2,ESM
9g4g_H_A,92.58726668703612,relaxed,esmfold2,ESM
9g5l_H_A,94.45829373585669,relaxed,esmfold2,ESM
9g5z_H_A,96.09632102492992,relaxed,esmfold2,ESM
9gcn_H_A,91.03238518467067,relaxed,esmfold2,ESM
9gcn_H_B,91.72860229708049,relaxed,esmfold2,ESM
9gcn_H_C,93.73810569024272,relaxed,esmfold2,ESM
9gcn_H_D,91.1594573826054,relaxed,esmfold2,ESM
9glz_H_A,93.10014595155994,relaxed,esmfold2,ESM
9glz_H_B,96.29628253364169,relaxed,esmfold2,ESM
9h1f_H_A,95.86354282089076,relaxed,esmfold2,ESM
9hap_H_A,71.87948157737914,relaxed,esmfold2,ESM
9hb3_H_A,73.36950058006478,relaxed,esmfold2,ESM
9hll_H_A,98.84733295934538,relaxed,esmfold2,ESM
9hml_H_A,78.12079191669667,relaxed,esmfold2,ESM
9ho4_H_A,99.35188633780874,relaxed,esmfold2,ESM
9ho5_H_A,98.4312465795344,relaxed,esmfold2,ESM
9ho6_H_A,98.4935241896976,relaxed,esmfold2,ESM
9ho6_H_B,98.69223642955572,relaxed,esmfold2,ESM
9imx_H_A,95.54868852545532,relaxed,esmfold2,ESM
9imx_H_B,95.70283046406574,relaxed,esmfold2,ESM
9imx_H_C,95.9309089887117,relaxed,esmfold2,ESM
9imx_H_D,96.25905736528031,relaxed,esmfold2,ESM
9isf_H_A,78.71513611387047,relaxed,esmfold2,ESM
9iya_H_A,78.41122580943495,relaxed,esmfold2,ESM
9j7y_H_A,93.92442503632287,relaxed,esmfold2,ESM
9j9z_H_A,76.29970377469289,relaxed,esmfold2,ESM
9jfu_H_A,66.12531532893401,relaxed,esmfold2,ESM
9jg0_H_A,63.569134719589535,relaxed,esmfold2,ESM
9jo9_H_A,98.6529359828205,relaxed,esmfold2,ESM
9jo9_H_B,98.55248394785328,relaxed,esmfold2,ESM
9jo9_H_C,98.56880452156908,relaxed,esmfold2,ESM
9jo9_H_D,98.5692820130047,relaxed,esmfold2,ESM
9jo9_H_E,98.8213780337641,relaxed,esmfold2,ESM
9jo9_H_F,98.96181587834847,relaxed,esmfold2,ESM
9jo9_H_G,98.83944103979138,relaxed,esmfold2,ESM
9jo9_I_A,98.38505797650242,relaxed,esmfold2,ESM
9jo9_I_B,98.86607583476442,relaxed,esmfold2,ESM
9jo9_I_C,98.86187368168753,relaxed,esmfold2,ESM
9jqt_H_A,97.79620125415616,relaxed,esmfold2,ESM
9jro_H_A,78.63655543298502,relaxed,esmfold2,ESM
9jrt_H_A,66.41070873086534,relaxed,esmfold2,ESM
9k94_H_A,98.54708836905634,relaxed,esmfold2,ESM
9k94_H_B,98.40033168998258,relaxed,esmfold2,ESM
9k94_H_C,98.26106493814348,relaxed,esmfold2,ESM
9k94_H_D,98.55961528414566,relaxed,esmfold2,ESM
9k94_H_E,98.43217909043874,relaxed,esmfold2,ESM
9knw_H_A,55.67051201289529,relaxed,esmfold2,ESM
9knx_H_A,43.4831783488437,relaxed,esmfold2,ESM
9kny_H_A,54.304133477087234,relaxed,esmfold2,ESM
9l9o_H_A,73.29749051075476,relaxed,esmfold2,ESM
9lh2_H_A,97.560389457943,relaxed,esmfold2,ESM
9lh2_H_B,98.4871926367119,relaxed,esmfold2,ESM
9lmo_H_A,67.3026675087441,relaxed,esmfold2,ESM
9lvb_H_A,77.17335935979875,relaxed,esmfold2,ESM
9m5d_H_A,95.8552838586885,relaxed,esmfold2,ESM
9min_H_A,96.29534645020853,relaxed,esmfold2,ESM
9my8_H_A,90.28944307679646,relaxed,esmfold2,ESM
9nn9_H_A,94.7375620948296,relaxed,esmfold2,ESM
9nn9_H_B,97.0515056587497,relaxed,esmfold2,ESM
9npt_H_A,18.579570637780527,relaxed,esmfold2,ESM
9npt_H_B,18.069761948734165,relaxed,esmfold2,ESM
9npt_H_C,17.88461044545249,relaxed,esmfold2,ESM
9o5s_H_A,97.4439068360144,relaxed,esmfold2,ESM
9o5s_H_B,97.82201449260263,relaxed,esmfold2,ESM
9obn_H_A,93.31992166422668,relaxed,esmfold2,ESM
9obn_H_B,94.57441084386268,relaxed,esmfold2,ESM
9opr_H_A,94.2340325644584,relaxed,esmfold2,ESM
9pee_H_A,74.46946820934347,relaxed,esmfold2,ESM
9pkv_H_A,91.04650899863545,relaxed,esmfold2,ESM
9pxu_H_A,79.64185797261804,relaxed,esmfold2,ESM
9qqs_H_A,39.8488189631502,relaxed,esmfold2,ESM
9qt3_H_A,98.24808562353589,relaxed,esmfold2,ESM
9qt3_H_B,97.42529180671916,relaxed,esmfold2,ESM
9qt3_H_C,96.4632050508678,relaxed,esmfold2,ESM
9qt3_H_D,98.19494238300928,relaxed,esmfold2,ESM
9qty_H_A,33.74375339230743,relaxed,esmfold2,ESM
9rma_H_A,96.25751756442986,relaxed,esmfold2,ESM
9rn6_H_A,92.98793369126275,relaxed,esmfold2,ESM
9rn6_H_B,86.54038570106745,relaxed,esmfold2,ESM
9rsj_H_A,70.46189074421527,relaxed,esmfold2,ESM
9shd_H_A,66.6987638528404,relaxed,esmfold2,ESM
9t9m_H_A,71.33906674766422,relaxed,esmfold2,ESM
9ulm_H_A,83.63425312039652,relaxed,esmfold2,ESM
9ulm_H_B,79.08052854795373,relaxed,esmfold2,ESM
9uln_H_A,90.47799293073142,relaxed,esmfold2,ESM
9uoc_H_A,96.71601554735764,relaxed,esmfold2,ESM
9uoc_H_B,96.08352221484624,relaxed,esmfold2,ESM
9uoc_H_C,95.81214452910908,relaxed,esmfold2,ESM
9uoc_H_D,91.2300058403542,relaxed,esmfold2,ESM
9uoi_H_A,98.26263253051592,relaxed,esmfold2,ESM
9uuf_H_A,92.21850204876608,relaxed,esmfold2,ESM
9uuf_H_B,84.18087158812492,relaxed,esmfold2,ESM
9v0o_H_A,93.87089047446231,relaxed,esmfold2,ESM
9v0o_H_B,93.88719187098756,relaxed,esmfold2,ESM
9v0o_H_C,93.75921299632354,relaxed,esmfold2,ESM
9v0o_H_D,92.82647151951872,relaxed,esmfold2,ESM
9wpi_H_A,98.3534738698104,relaxed,esmfold2,ESM
9xzx_H_A,89.33815862244137,relaxed,esmfold2,ESM
9xzx_H_B,91.91050601057007,relaxed,esmfold2,ESM
9yc3_H_A,79.95545821935984,relaxed,esmfold2,ESM
9yfu_H_A,61.18470959618448,relaxed,esmfold2,ESM
9ytd_H_A,97.7083008307485,relaxed,esmfold2,ESM
9ytf_H_A,98.4108736444776,relaxed,esmfold2,ESM
9yxd_H_A,95.87603135149664,relaxed,esmfold2,ESM
9z3j_H_A,95.29887341692556,relaxed,esmfold2,ESM
9zg5_H_A,98.49254791710128,relaxed,esmfold2,ESM
9zg5_H_B,96.4260832171319,relaxed,esmfold2,ESM
9zg5_H_C,96.4399687815402,relaxed,esmfold2,ESM
9zg5_H_D,96.29464156046213,relaxed,esmfold2,ESM
10zo_H_A,94.11781208894482,relaxed,opendde,OpenDDE
10zo_H_B,96.8853391011189,relaxed,opendde,OpenDDE
11ol_H_A,96.68240608382314,relaxed,opendde,OpenDDE
11oo_H_A,96.31727932377694,relaxed,opendde,OpenDDE
11oq_H_A,97.13764303634542,relaxed,opendde,OpenDDE
11or_H_A,94.1098584323546,relaxed,opendde,OpenDDE
11ou_H_A,93.92172220075712,relaxed,opendde,OpenDDE
11zw_H_A,92.02785613564214,relaxed,opendde,OpenDDE
1bzq_H_A,99.41859721115192,relaxed,opendde,OpenDDE
1bzq_H_B,99.26826030503186,relaxed,opendde,OpenDDE
1bzq_H_C,99.41431994149166,relaxed,opendde,OpenDDE
1bzq_H_D,99.3977751043336,relaxed,opendde,OpenDDE
1jto_H_A,99.11055528358835,relaxed,opendde,OpenDDE
1jto_H_B,98.46516706032736,relaxed,opendde,OpenDDE
1mel_H_A,99.08873128673716,relaxed,opendde,OpenDDE
1mel_H_B,98.74540382950616,relaxed,opendde,OpenDDE
1op9_H_A,98.92584531681533,relaxed,opendde,OpenDDE
1zmy_H_A,98.32949256845664,relaxed,opendde,OpenDDE
1zvh_H_A,97.97448488830646,relaxed,opendde,OpenDDE
1zvy_H_A,99.44067314991682,relaxed,opendde,OpenDDE
2p42_H_A,98.76703443906176,relaxed,opendde,OpenDDE
2p42_H_B,99.47064328341006,relaxed,opendde,OpenDDE
2p43_H_A,97.48611785548974,relaxed,opendde,OpenDDE
2p44_H_A,96.67671899386232,relaxed,opendde,OpenDDE
2p45_H_A,99.55327996868957,relaxed,opendde,OpenDDE
2p47_H_A,98.30017692183736,relaxed,opendde,OpenDDE
2p49_H_A,96.5028393940601,relaxed,opendde,OpenDDE
2p4a_H_A,99.52425768472575,relaxed,opendde,OpenDDE
2p4a_H_B,99.65540074788754,relaxed,opendde,OpenDDE
2vyr_H_A,97.86719843215324,relaxed,opendde,OpenDDE
2vyr_H_C,96.57699885721016,relaxed,opendde,OpenDDE
2vyr_H_D,98.27617119910428,relaxed,opendde,OpenDDE
2xv6_H_A,97.3935643660024,relaxed,opendde,OpenDDE
2xv6_H_B,92.06212160649882,relaxed,opendde,OpenDDE
3cfi_H_A,90.32973520283252,relaxed,opendde,OpenDDE
3cfi_H_B,89.53318412356778,relaxed,opendde,OpenDDE
3cfi_H_C,87.31126999268896,relaxed,opendde,OpenDDE
3cfi_H_D,87.51018119427042,relaxed,opendde,OpenDDE
3g9a_H_A,99.66548742738128,relaxed,opendde,OpenDDE
3k1k_H_A,96.89075674105425,relaxed,opendde,OpenDDE
3k1k_H_B,96.55935105847324,relaxed,opendde,OpenDDE
3k74_H_A,98.1185405058404,relaxed,opendde,OpenDDE
3k7u_H_A,86.73302658755469,relaxed,opendde,OpenDDE
3k80_H_A,88.26943237725811,relaxed,opendde,OpenDDE
3k80_H_B,87.22696691386459,relaxed,opendde,OpenDDE
3ogo_H_A,99.46672352332143,relaxed,opendde,OpenDDE
3p9w_H_A,93.5939161912715,relaxed,opendde,OpenDDE
3p9w_H_B,92.61183593847288,relaxed,opendde,OpenDDE
3p9w_H_C,96.21508580282854,relaxed,opendde,OpenDDE
3p9w_H_D,94.29801562983998,relaxed,opendde,OpenDDE
3qsk_H_A,96.92499248373882,relaxed,opendde,OpenDDE
3zhd_H_A,92.42088794548036,relaxed,opendde,OpenDDE
4dk3_H_A,89.29158312674278,relaxed,opendde,OpenDDE
4dk3_H_B,31.771440499485728,relaxed,opendde,OpenDDE
4dk6_H_A,68.42693881581879,relaxed,opendde,OpenDDE
4dk6_H_B,85.12936485985432,relaxed,opendde,OpenDDE
4eig_H_A,97.26965773237198,relaxed,opendde,OpenDDE
4eiz_H_A,97.43078173725976,relaxed,opendde,OpenDDE
4eiz_H_B,97.8004500817211,relaxed,opendde,OpenDDE
4ej1_H_A,98.22127257071212,relaxed,opendde,OpenDDE
4ej1_H_B,98.48468609579274,relaxed,opendde,OpenDDE
4fhb_H_A,98.43097091627304,relaxed,opendde,OpenDDE
4hep_H_A,83.76195167667092,relaxed,opendde,OpenDDE
4ios_H_A,98.27611254571572,relaxed,opendde,OpenDDE
4kml_H_A,88.86928986497915,relaxed,opendde,OpenDDE
4n9o_H_A,89.49201768250963,relaxed,opendde,OpenDDE
4nbx_H_A,97.85529810147877,relaxed,opendde,OpenDDE
4nby_H_A,98.38643861683248,relaxed,opendde,OpenDDE
4nby_H_B,95.66912507071584,relaxed,opendde,OpenDDE
4nbz_H_A,97.4617460154921,relaxed,opendde,OpenDDE
4nbz_H_B,97.67851627195844,relaxed,opendde,OpenDDE
4nc0_H_A,97.16325518989684,relaxed,opendde,OpenDDE
4nc1_H_A,95.02900692420496,relaxed,opendde,OpenDDE
4nc1_H_B,96.13127879549114,relaxed,opendde,OpenDDE
4nc1_H_C,95.15410444122143,relaxed,opendde,OpenDDE
4nc1_H_D,97.2359818383506,relaxed,opendde,OpenDDE
4nc2_H_A,89.28379987704945,relaxed,opendde,OpenDDE
4orz_H_A,83.0775503269891,relaxed,opendde,OpenDDE
4pgj_H_A,98.67725542905512,relaxed,opendde,OpenDDE
4pgj_H_B,98.84104998335732,relaxed,opendde,OpenDDE
4pou_H_A,95.26575322915278,relaxed,opendde,OpenDDE
4qo1_H_A,98.91883178924456,relaxed,opendde,OpenDDE
4s10_H_A,97.3706527497618,relaxed,opendde,OpenDDE
4s10_H_B,97.20082081334404,relaxed,opendde,OpenDDE
4u3x_H_A,98.69137645482994,relaxed,opendde,OpenDDE
4u3x_H_B,98.45940170535106,relaxed,opendde,OpenDDE
4w2q_H_A,84.3260993031682,relaxed,opendde,OpenDDE
4w2q_H_B,92.8814323109327,relaxed,opendde,OpenDDE
4w2q_H_C,77.82161777216052,relaxed,opendde,OpenDDE
4w2q_H_D,94.64918409495856,relaxed,opendde,OpenDDE
4w6w_H_A,97.9445366217371,relaxed,opendde,OpenDDE
4w6x_H_A,98.445585686035,relaxed,opendde,OpenDDE
4weu_H_A,90.12565356793624,relaxed,opendde,OpenDDE
4weu_H_B,98.01498755984866,relaxed,opendde,OpenDDE
4y7m_H_A,97.62175234584753,relaxed,opendde,OpenDDE
4y7m_H_B,96.74197853653234,relaxed,opendde,OpenDDE
5bop_H_A,31.01955291876314,relaxed,opendde,OpenDDE
5bop_H_B,36.88841582161551,relaxed,opendde,OpenDDE
5c2u_H_A,39.77521063126061,relaxed,opendde,OpenDDE
5dmj_H_A,44.03042415149592,relaxed,opendde,OpenDDE
5dmj_H_B,37.47424191821607,relaxed,opendde,OpenDDE
5dmj_H_C,47.08676403396029,relaxed,opendde,OpenDDE
5e0q_H_A,96.98129472873012,relaxed,opendde,OpenDDE
5e5m_H_A,98.55626545912584,relaxed,opendde,OpenDDE
5e5m_H_B,96.73384252786748,relaxed,opendde,OpenDDE
5e5m_H_C,97.125618442425,relaxed,opendde,OpenDDE
5e5m_H_D,95.2937385809529,relaxed,opendde,OpenDDE
5f1k_H_A,98.1233544767804,relaxed,opendde,OpenDDE
5f1k_H_B,99.01018259045172,relaxed,opendde,OpenDDE
5f1o_H_A,98.31914486816687,relaxed,opendde,OpenDDE
5fv2_H_A,93.05811525851465,relaxed,opendde,OpenDDE
5fv2_H_B,93.91305485068348,relaxed,opendde,OpenDDE
5fv2_H_C,94.94034780545944,relaxed,opendde,OpenDDE
5g5r_H_A,95.8584170261165,relaxed,opendde,OpenDDE
5g5x_H_A,94.84139332152644,relaxed,opendde,OpenDDE
5h8o_H_A,62.45336095015573,relaxed,opendde,OpenDDE
5ihl_H_A,46.31429292006317,relaxed,opendde,OpenDDE
5ihl_H_B,40.58609212833394,relaxed,opendde,OpenDDE
5imk_H_A,95.17865176251162,relaxed,opendde,OpenDDE
5iml_H_A,98.2784694798637,relaxed,opendde,OpenDDE
5ip4_H_A,79.6587464210913,relaxed,opendde,OpenDDE
5ip4_H_B,82.25070340399331,relaxed,opendde,OpenDDE
5ja8_H_A,87.12063924631069,relaxed,opendde,OpenDDE
5lhr_H_A,98.48195348126649,relaxed,opendde,OpenDDE
5m2m_H_A,97.40039759663908,relaxed,opendde,OpenDDE
5m2m_H_B,96.74800942513646,relaxed,opendde,OpenDDE
5m2m_H_C,97.03847297000276,relaxed,opendde,OpenDDE
5m2m_H_D,96.75386576865112,relaxed,opendde,OpenDDE
5m2m_H_E,96.885643589193,relaxed,opendde,OpenDDE
5m2m_H_F,95.5472133820048,relaxed,opendde,OpenDDE
5mp2_H_A,15.844052779393802,relaxed,opendde,OpenDDE
5mp2_H_B,17.141142891983844,relaxed,opendde,OpenDDE
5n88_H_A,94.15373362330756,relaxed,opendde,OpenDDE
5n88_H_B,96.70850608023606,relaxed,opendde,OpenDDE
5o2u_H_A,95.5476287536047,relaxed,opendde,OpenDDE
5o2u_H_B,93.62832304378117,relaxed,opendde,OpenDDE
5ocl_H_A,82.76877606376142,relaxed,opendde,OpenDDE
5ocl_H_B,98.30790441905556,relaxed,opendde,OpenDDE
5ocl_H_C,91.87469429760364,relaxed,opendde,OpenDDE
5ocl_H_D,96.06935557810546,relaxed,opendde,OpenDDE
5ocl_H_E,95.31819855024614,relaxed,opendde,OpenDDE
5ocl_H_F,94.9812285739521,relaxed,opendde,OpenDDE
5ocl_H_G,98.9772215358099,relaxed,opendde,OpenDDE
5ocl_I_A,78.87005346347364,relaxed,opendde,OpenDDE
5ovw_H_A,97.83409491660066,relaxed,opendde,OpenDDE
5sv3_H_A,97.24259618307704,relaxed,opendde,OpenDDE
5sv3_H_B,97.21155744525448,relaxed,opendde,OpenDDE
5vxm_H_A,81.25139728793042,relaxed,opendde,OpenDDE
6app_H_A,98.94642878170042,relaxed,opendde,OpenDDE
6c5w_H_A,53.746219984234585,relaxed,opendde,OpenDDE
6dbf_H_A,99.34828253533368,relaxed,opendde,OpenDDE
6ey0_H_A,88.9196391301357,relaxed,opendde,OpenDDE
6ey0_H_B,90.62103625351074,relaxed,opendde,OpenDDE
6ey0_H_C,91.30847622657926,relaxed,opendde,OpenDDE
6ey0_H_D,90.94957045856803,relaxed,opendde,OpenDDE
6gjq_H_A,94.225305960062,relaxed,opendde,OpenDDE
6gjq_H_B,94.55931010775907,relaxed,opendde,OpenDDE
6gjq_H_C,94.79997581013812,relaxed,opendde,OpenDDE
6gjq_H_D,94.87301888363598,relaxed,opendde,OpenDDE
6gjs_H_A,95.05258505309138,relaxed,opendde,OpenDDE
6gjs_H_B,96.4870448258762,relaxed,opendde,OpenDDE
6gju_H_A,90.66750544871208,relaxed,opendde,OpenDDE
6gju_H_B,91.28347420530928,relaxed,opendde,OpenDDE
6gk4_H_A,97.8083096014026,relaxed,opendde,OpenDDE
6gk4_H_B,96.44070031948236,relaxed,opendde,OpenDDE
6ir1_H_A,98.71983752510678,relaxed,opendde,OpenDDE
6ir2_H_A,99.08206660816538,relaxed,opendde,OpenDDE
6jri_H_A,88.36478230025664,relaxed,opendde,OpenDDE
6jri_H_B,90.76781461008952,relaxed,opendde,OpenDDE
6jri_H_C,91.66889428116708,relaxed,opendde,OpenDDE
6jri_H_D,91.19674273379675,relaxed,opendde,OpenDDE
6lr7_H_A,95.0674485827316,relaxed,opendde,OpenDDE
6r7t_H_A,86.72478051859106,relaxed,opendde,OpenDDE
6rpj_H_A,93.36621623563308,relaxed,opendde,OpenDDE
6rpj_H_D,94.03944530965892,relaxed,opendde,OpenDDE
6rqm_H_A,74.39246947187267,relaxed,opendde,OpenDDE
6rvc_H_A,76.80613558221722,relaxed,opendde,OpenDDE
6rvc_H_B,77.14138303330935,relaxed,opendde,OpenDDE
6rvc_H_C,78.46669812227009,relaxed,opendde,OpenDDE
6u12_H_A,99.2965381092646,relaxed,opendde,OpenDDE
6u54_H_A,81.62313561191638,relaxed,opendde,OpenDDE
6u55_H_A,84.84810566055258,relaxed,opendde,OpenDDE
6waq_H_A,89.8412402415719,relaxed,opendde,OpenDDE
6war_H_A,97.60290591939211,relaxed,opendde,OpenDDE
6war_H_B,98.28863348340153,relaxed,opendde,OpenDDE
6war_H_C,98.09418225725196,relaxed,opendde,OpenDDE
6war_H_D,97.91297340095308,relaxed,opendde,OpenDDE
6war_H_E,97.9267457675676,relaxed,opendde,OpenDDE
6war_H_F,98.14793743104876,relaxed,opendde,OpenDDE
6war_H_G,98.04386158918776,relaxed,opendde,OpenDDE
6war_I_A,97.85443437403303,relaxed,opendde,OpenDDE
6ww2_H_A,72.0609372484443,relaxed,opendde,OpenDDE
6xzu_H_A,95.17083401673987,relaxed,opendde,OpenDDE
6y1r_H_A,74.74950534986777,relaxed,opendde,OpenDDE
6yz7_H_A,98.11519937787293,relaxed,opendde,OpenDDE
6yz7_H_B,97.70458473333986,relaxed,opendde,OpenDDE
6z2m_H_A,96.72372093886482,relaxed,opendde,OpenDDE
6z2m_H_B,98.61543207010756,relaxed,opendde,OpenDDE
6zcz_H_A,97.66547759939526,relaxed,opendde,OpenDDE
6zh9_H_A,98.48278215827789,relaxed,opendde,OpenDDE
7aej_H_A,12.777910929548923,relaxed,opendde,OpenDDE
7anq_H_A,94.29262952773826,relaxed,opendde,OpenDDE
7azb_H_A,98.65915177377268,relaxed,opendde,OpenDDE
7b14_H_A,93.77281108688638,relaxed,opendde,OpenDDE
7b27_H_A,93.34335588169628,relaxed,opendde,OpenDDE
7b27_H_B,98.12124251005572,relaxed,opendde,OpenDDE
7b5g_H_A,93.62211790054177,relaxed,opendde,OpenDDE
7b5g_H_B,91.8243403027019,relaxed,opendde,OpenDDE
7b5g_H_C,94.45197070805588,relaxed,opendde,OpenDDE
7b5g_H_D,96.48299430812808,relaxed,opendde,OpenDDE
7c8w_H_A,97.1956012967818,relaxed,opendde,OpenDDE
7can_H_A,96.81865166140489,relaxed,opendde,OpenDDE
7cz0_H_A,99.15120817700252,relaxed,opendde,OpenDDE
7cz0_H_B,99.03649795468677,relaxed,opendde,OpenDDE
7cz0_H_C,98.97027933962792,relaxed,opendde,OpenDDE
7cz0_H_D,99.12530693779392,relaxed,opendde,OpenDDE
7czd_H_A,98.48063950965091,relaxed,opendde,OpenDDE
7d6y_H_A,97.45635819226814,relaxed,opendde,OpenDDE
7d8b_H_A,96.92922731375111,relaxed,opendde,OpenDDE
7d8b_H_B,97.02730351815772,relaxed,opendde,OpenDDE
7dst_H_A,32.96143967444471,relaxed,opendde,OpenDDE
7e53_H_A,99.3491086495336,relaxed,opendde,OpenDDE
7eow_H_A,99.09273470908572,relaxed,opendde,OpenDDE
7fat_H_A,92.7539401912236,relaxed,opendde,OpenDDE
7fau_H_A,94.10280685188656,relaxed,opendde,OpenDDE
7jhg_H_A,63.03272684371469,relaxed,opendde,OpenDDE
7jhh_H_A,89.65860693746647,relaxed,opendde,OpenDDE
7jkm_H_A,62.53012796540044,relaxed,opendde,OpenDDE
7kgj_H_A,98.48058200312776,relaxed,opendde,OpenDDE
7kgk_H_A,98.71475783823792,relaxed,opendde,OpenDDE
7klw_H_A,97.20612533635848,relaxed,opendde,OpenDDE
7klw_H_B,97.06785637302026,relaxed,opendde,OpenDDE
7km5_H_A,97.90955132601184,relaxed,opendde,OpenDDE
7km5_H_B,97.93901297416528,relaxed,opendde,OpenDDE
7kn5_H_A,98.38842783193628,relaxed,opendde,OpenDDE
7kn5_H_B,98.58644741980363,relaxed,opendde,OpenDDE
7kn6_H_A,96.75988510168312,relaxed,opendde,OpenDDE
7kn7_H_A,96.74949516569497,relaxed,opendde,OpenDDE
7ldj_H_A,97.2671135451524,relaxed,opendde,OpenDDE
7ldj_H_B,97.00274767143983,relaxed,opendde,OpenDDE
7ldj_H_C,95.20371865717506,relaxed,opendde,OpenDDE
7ldj_H_D,95.6416182919546,relaxed,opendde,OpenDDE
7lx5_H_A,96.86623874496236,relaxed,opendde,OpenDDE
7lx5_H_B,96.51218098139378,relaxed,opendde,OpenDDE
7m74_H_A,65.10323032212959,relaxed,opendde,OpenDDE
7mdw_H_A,93.5540030102058,relaxed,opendde,OpenDDE
7mdw_H_B,93.71657504825018,relaxed,opendde,OpenDDE
7mej_H_A,86.41229123765675,relaxed,opendde,OpenDDE
7mji_H_A,98.0387363412878,relaxed,opendde,OpenDDE
7n0r_H_A,93.8381941649013,relaxed,opendde,OpenDDE
7n0r_H_B,91.59229736253566,relaxed,opendde,OpenDDE
7n9a_H_A,95.51818096896451,relaxed,opendde,OpenDDE
7n9u_H_A,70.26389746625141,relaxed,opendde,OpenDDE
7n9u_H_B,82.72047895655975,relaxed,opendde,OpenDDE
7n9v_H_A,58.92846894432504,relaxed,opendde,OpenDDE
7n9v_H_B,56.49871056650731,relaxed,opendde,OpenDDE
7n9v_H_C,29.33855454781141,relaxed,opendde,OpenDDE
7n9v_H_D,93.34580355789184,relaxed,opendde,OpenDDE
7n9x_H_A,85.95134953829674,relaxed,opendde,OpenDDE
7n9x_H_B,82.92857928370935,relaxed,opendde,OpenDDE
7n9x_H_C,82.43873481915173,relaxed,opendde,OpenDDE
7ndf_H_A,84.63212231666613,relaxed,opendde,OpenDDE
7ndf_H_B,83.7844937718095,relaxed,opendde,OpenDDE
7nll_H_A,97.54302029041288,relaxed,opendde,OpenDDE
7nll_H_B,97.1104626826202,relaxed,opendde,OpenDDE
7nmu_H_A,33.92600508498151,relaxed,opendde,OpenDDE
7nmu_H_B,34.25818250711275,relaxed,opendde,OpenDDE
7now_H_A,97.57833927315046,relaxed,opendde,OpenDDE
7now_H_B,98.73796481050418,relaxed,opendde,OpenDDE
7nvo_H_A,95.0898569956919,relaxed,opendde,OpenDDE
7nvo_H_B,94.91218911978268,relaxed,opendde,OpenDDE
7nxx_H_A,98.72657732444009,relaxed,opendde,OpenDDE
7o06_H_A,91.17811066947397,relaxed,opendde,OpenDDE
7o0s_H_A,90.89248589244325,relaxed,opendde,OpenDDE
7o31_H_A,98.41473552403797,relaxed,opendde,OpenDDE
7oao_H_A,98.4362145384728,relaxed,opendde,OpenDDE
7oap_H_A,96.65113502167895,relaxed,opendde,OpenDDE
7oaq_H_A,96.7637045941807,relaxed,opendde,OpenDDE
7oau_H_A,99.05948343613582,relaxed,opendde,OpenDDE
7oay_H_A,99.13613722012072,relaxed,opendde,OpenDDE
7oay_H_B,98.59407773233912,relaxed,opendde,OpenDDE
7oay_H_C,98.72882034178852,relaxed,opendde,OpenDDE
7oay_H_D,98.64151927405328,relaxed,opendde,OpenDDE
7oay_H_E,98.85511849817809,relaxed,opendde,OpenDDE
7oay_H_F,98.3805835712469,relaxed,opendde,OpenDDE
7olz_H_A,95.23335728643848,relaxed,opendde,OpenDDE
7ozt_H_A,96.75672617434,relaxed,opendde,OpenDDE
7php_H_A,88.18960636513616,relaxed,opendde,OpenDDE
7phq_H_A,65.82988738594071,relaxed,opendde,OpenDDE
7phq_H_B,63.91603396603932,relaxed,opendde,OpenDDE
7pij_H_A,96.0305780505966,relaxed,opendde,OpenDDE
7q3r_H_A,98.40828463799691,relaxed,opendde,OpenDDE
7q6c_H_A,97.9644335593226,relaxed,opendde,OpenDDE
7r1z_H_A,16.728125596892635,relaxed,opendde,OpenDDE
7r1z_H_B,21.834139627266744,relaxed,opendde,OpenDDE
7r23_H_A,13.96209883876614,relaxed,opendde,OpenDDE
7r23_H_B,86.20016978212216,relaxed,opendde,OpenDDE
7r24_H_A,57.9200936573557,relaxed,opendde,OpenDDE
7r24_H_B,13.923688661498645,relaxed,opendde,OpenDDE
7r98_H_A,94.99589893396583,relaxed,opendde,OpenDDE
7r98_H_B,93.51728282646984,relaxed,opendde,OpenDDE
7r98_H_C,94.27137321607243,relaxed,opendde,OpenDDE
7rby_H_A,96.91149078396867,relaxed,opendde,OpenDDE
7rby_H_B,98.18521015196502,relaxed,opendde,OpenDDE
7saj_H_A,99.19955789644436,relaxed,opendde,OpenDDE
7saj_H_B,99.1038559907944,relaxed,opendde,OpenDDE
7saj_H_C,99.27178185622712,relaxed,opendde,OpenDDE
7saj_H_D,99.0800766063026,relaxed,opendde,OpenDDE
7saj_H_E,99.00091370940196,relaxed,opendde,OpenDDE
7sak_H_A,92.57107620321456,relaxed,opendde,OpenDDE
7sk5_H_A,62.70298539619121,relaxed,opendde,OpenDDE
7sk7_H_A,97.63057851672366,relaxed,opendde,OpenDDE
7tuy_H_A,66.46829776041236,relaxed,opendde,OpenDDE
7vnb_H_A,86.06132195222203,relaxed,opendde,OpenDDE
7voa_H_A,97.77432608610282,relaxed,opendde,OpenDDE
7w1s_H_A,97.81975382721303,relaxed,opendde,OpenDDE
7wd1_H_A,98.19254226297784,relaxed,opendde,OpenDDE
7wd1_H_B,98.0776174355512,relaxed,opendde,OpenDDE
7wki_H_A,90.81494948454392,relaxed,opendde,OpenDDE
7wpd_H_A,76.13568565628732,relaxed,opendde,OpenDDE
7wpe_H_A,86.36364189668878,relaxed,opendde,OpenDDE
7wpe_H_B,84.05221866819336,relaxed,opendde,OpenDDE
7wpf_H_A,80.42164248358755,relaxed,opendde,OpenDDE
7wpf_H_B,78.52423282334809,relaxed,opendde,OpenDDE
7wpf_H_C,80.98212847750166,relaxed,opendde,OpenDDE
7x2j_H_A,98.82873945792296,relaxed,opendde,OpenDDE
7x2k_H_A,99.15040250510852,relaxed,opendde,OpenDDE
7x2m_H_A,97.99052031569585,relaxed,opendde,OpenDDE
7x7d_H_A,95.62120261752042,relaxed,opendde,OpenDDE
7x7d_H_B,98.0656543468634,relaxed,opendde,OpenDDE
7x7d_H_C,96.82027908344013,relaxed,opendde,OpenDDE
7x7e_H_A,98.188795582889,relaxed,opendde,OpenDDE
7x7e_H_B,97.8439921925937,relaxed,opendde,OpenDDE
7x7e_H_C,97.90251197422045,relaxed,opendde,OpenDDE
7xod_H_A,71.08895333883186,relaxed,opendde,OpenDDE
7xod_H_B,72.09995124370782,relaxed,opendde,OpenDDE
7xod_H_C,75.36809826269824,relaxed,opendde,OpenDDE
7xqv_H_A,98.21014814982632,relaxed,opendde,OpenDDE
7xtp_H_A,96.77082712015503,relaxed,opendde,OpenDDE
7xtp_H_B,96.98233283578446,relaxed,opendde,OpenDDE
7y0o_H_A,90.33759947708992,relaxed,opendde,OpenDDE
7yud_H_A,66.67940492664437,relaxed,opendde,OpenDDE
7yuf_H_A,94.6153198003972,relaxed,opendde,OpenDDE
7z1a_H_A,98.82597697133755,relaxed,opendde,OpenDDE
7z1a_H_B,98.90845357617177,relaxed,opendde,OpenDDE
7z1a_H_C,98.3035427808259,relaxed,opendde,OpenDDE
7z1a_H_D,98.42407803838331,relaxed,opendde,OpenDDE
7z1b_H_A,98.22202333062212,relaxed,opendde,OpenDDE
7z1b_H_B,98.49665385508986,relaxed,opendde,OpenDDE
7z1b_H_C,98.45815997818208,relaxed,opendde,OpenDDE
7z1b_H_D,98.0215775948802,relaxed,opendde,OpenDDE
7z1c_H_A,98.17856448156816,relaxed,opendde,OpenDDE
7z1c_H_B,98.34204731151677,relaxed,opendde,OpenDDE
7z1d_H_A,99.35810797305466,relaxed,opendde,OpenDDE
7z1e_H_A,98.69785578366738,relaxed,opendde,OpenDDE
7zf4_H_A,97.11032332252483,relaxed,opendde,OpenDDE
7zfb_H_A,97.90934137285294,relaxed,opendde,OpenDDE
7zfb_H_B,97.29047652948896,relaxed,opendde,OpenDDE
7zfc_H_A,94.62191695027946,relaxed,opendde,OpenDDE
7zfe_H_A,96.31574509139114,relaxed,opendde,OpenDDE
7zfe_H_B,96.04511041955332,relaxed,opendde,OpenDDE
7zfe_H_C,96.4793815632056,relaxed,opendde,OpenDDE
7zfe_H_D,89.77554773856198,relaxed,opendde,OpenDDE
7zk1_H_A,88.20150082128919,relaxed,opendde,OpenDDE
7zk1_H_B,97.45275690844528,relaxed,opendde,OpenDDE
7zkz_H_A,97.3416514906624,relaxed,opendde,OpenDDE
7zkz_H_B,97.33052436741282,relaxed,opendde,OpenDDE
7zlg_H_A,60.9251980273062,relaxed,opendde,OpenDDE
7zlh_H_A,66.91688579452982,relaxed,opendde,OpenDDE
7zli_H_A,60.35105528249325,relaxed,opendde,OpenDDE
7zlj_H_A,85.83969839562876,relaxed,opendde,OpenDDE
7zyi_H_A,68.46543977425921,relaxed,opendde,OpenDDE
8aom_H_A,93.50865523479978,relaxed,opendde,OpenDDE
8bev_H_A,93.10131520662112,relaxed,opendde,OpenDDE
8c3k_H_A,91.38391507228675,relaxed,opendde,OpenDDE
8c8p_H_A,94.9679375259573,relaxed,opendde,OpenDDE
8cii_H_A,98.40195844706994,relaxed,opendde,OpenDDE
8cwv_H_A,98.06019151666902,relaxed,opendde,OpenDDE
8cyj_H_A,87.24764679740585,relaxed,opendde,OpenDDE
8cyj_H_B,87.329375856865,relaxed,opendde,OpenDDE
8cyj_H_C,85.5902043685141,relaxed,opendde,OpenDDE
8cyj_H_D,87.59448561345339,relaxed,opendde,OpenDDE
8di5_H_A,94.9095195892316,relaxed,opendde,OpenDDE
8dly_H_A,94.87988011073048,relaxed,opendde,OpenDDE
8dm0_H_A,95.05892479597756,relaxed,opendde,OpenDDE
8dqu_H_A,22.54713266144861,relaxed,opendde,OpenDDE
8dqu_H_B,24.920212368325924,relaxed,opendde,OpenDDE
8elo_H_A,98.7521157070788,relaxed,opendde,OpenDDE
8elp_H_A,98.86003238067028,relaxed,opendde,OpenDDE
8elq_H_A,97.8422879347356,relaxed,opendde,OpenDDE
8ew6_H_A,86.58738984064757,relaxed,opendde,OpenDDE
8g79_H_A,95.1283386571656,relaxed,opendde,OpenDDE
8g79_H_B,94.08919858539002,relaxed,opendde,OpenDDE
8g79_H_C,95.25369646319784,relaxed,opendde,OpenDDE
8gq5_H_A,43.29710438826698,relaxed,opendde,OpenDDE
8gq5_H_B,50.60081571949644,relaxed,opendde,OpenDDE
8gq5_H_C,45.88495816769653,relaxed,opendde,OpenDDE
8gq5_H_D,43.10900542034729,relaxed,opendde,OpenDDE
8gq5_H_E,43.64465543310887,relaxed,opendde,OpenDDE
8gq5_H_F,49.47640965850495,relaxed,opendde,OpenDDE
8gq5_H_G,38.14214259015732,relaxed,opendde,OpenDDE
8gq5_I_A,39.9570149223421,relaxed,opendde,OpenDDE
8gq5_I_B,41.038267168095736,relaxed,opendde,OpenDDE
8gq5_I_C,55.63458512207015,relaxed,opendde,OpenDDE
8gq5_I_D,49.90292507713466,relaxed,opendde,OpenDDE
8gq5_I_E,49.57811298210711,relaxed,opendde,OpenDDE
8gq5_I_F,45.00864574427544,relaxed,opendde,OpenDDE
8gq5_I_G,40.173606719309845,relaxed,opendde,OpenDDE
8gq5_J_A,47.960484782507336,relaxed,opendde,OpenDDE
8gq5_J_B,41.99754606380593,relaxed,opendde,OpenDDE
8gsi_H_A,74.34179379001228,relaxed,opendde,OpenDDE
8h5t_H_A,92.74037473623744,relaxed,opendde,OpenDDE
8h5u_H_A,98.70867668516216,relaxed,opendde,OpenDDE
8h5u_H_B,98.53268738170908,relaxed,opendde,OpenDDE
8h91_H_A,98.32575206130926,relaxed,opendde,OpenDDE
8h91_H_B,99.00733715933518,relaxed,opendde,OpenDDE
8hbg_H_A,22.826627671942028,relaxed,opendde,OpenDDE
8hbi_H_A,48.14772830645111,relaxed,opendde,OpenDDE
8hbj_H_A,22.25294457066759,relaxed,opendde,OpenDDE
8hbj_H_B,38.720747207288376,relaxed,opendde,OpenDDE
8heg_H_A,23.217051164683507,relaxed,opendde,OpenDDE
8hii_H_A,75.731425502236,relaxed,opendde,OpenDDE
8hij_H_A,89.58691775447893,relaxed,opendde,OpenDDE
8hik_H_A,56.52051163017469,relaxed,opendde,OpenDDE
8hr2_H_A,94.47092876432848,relaxed,opendde,OpenDDE
8hr2_H_B,94.8422380081472,relaxed,opendde,OpenDDE
8ilx_H_A,99.10677077539188,relaxed,opendde,OpenDDE
8ilx_H_B,99.2934706591075,relaxed,opendde,OpenDDE
8im0_H_A,99.31637839116632,relaxed,opendde,OpenDDE
8im1_H_A,99.27342324339156,relaxed,opendde,OpenDDE
8j5j_H_A,98.3552493839956,relaxed,opendde,OpenDDE
8j9o_H_A,93.93458720567588,relaxed,opendde,OpenDDE
8jh7_H_A,66.15839754313035,relaxed,opendde,OpenDDE
8jhc_H_A,63.11821265295588,relaxed,opendde,OpenDDE
8jys_H_A,86.90954899075142,relaxed,opendde,OpenDDE
8jys_H_B,90.14270677200062,relaxed,opendde,OpenDDE
8k33_H_A,99.4654734465497,relaxed,opendde,OpenDDE
8k33_H_B,99.59686734126775,relaxed,opendde,OpenDDE
8k33_H_C,99.69051635511592,relaxed,opendde,OpenDDE
8k33_H_D,99.19506532772787,relaxed,opendde,OpenDDE
8k33_H_E,99.45164030320686,relaxed,opendde,OpenDDE
8k33_H_F,99.67549166833518,relaxed,opendde,OpenDDE
8k33_H_G,99.51455488023451,relaxed,opendde,OpenDDE
8k33_I_A,99.66519078250096,relaxed,opendde,OpenDDE
8k33_I_B,99.4942784275805,relaxed,opendde,OpenDDE
8k33_I_C,99.59330225652153,relaxed,opendde,OpenDDE
8k33_I_D,99.54523784605207,relaxed,opendde,OpenDDE
8k33_I_E,99.5547700545668,relaxed,opendde,OpenDDE
8k3a_H_A,99.0393448538764,relaxed,opendde,OpenDDE
8k3l_H_A,99.39895492577736,relaxed,opendde,OpenDDE
8k3l_H_B,99.1450483819956,relaxed,opendde,OpenDDE
8k3l_H_C,99.31061768894104,relaxed,opendde,OpenDDE
8k3l_H_D,99.30963497055862,relaxed,opendde,OpenDDE
8k4q_H_A,95.86804437401253,relaxed,opendde,OpenDDE
8kae_H_A,91.06194131719528,relaxed,opendde,OpenDDE
8odx_H_A,70.53626873334512,relaxed,opendde,OpenDDE
8owt_H_A,97.63414005405984,relaxed,opendde,OpenDDE
8owt_H_B,97.53505148238608,relaxed,opendde,OpenDDE
8owt_H_C,98.6705152681756,relaxed,opendde,OpenDDE
8owt_H_D,98.98095009844684,relaxed,opendde,OpenDDE
8owv_H_A,97.39500643447457,relaxed,opendde,OpenDDE
8ozb_H_A,96.46944558917475,relaxed,opendde,OpenDDE
8ozb_H_B,96.10396463376944,relaxed,opendde,OpenDDE
8pih_H_A,88.61028525526022,relaxed,opendde,OpenDDE
8pih_H_B,94.12056519960235,relaxed,opendde,OpenDDE
8pkc_H_A,96.8669688208744,relaxed,opendde,OpenDDE
8pkc_H_B,97.34903202505272,relaxed,opendde,OpenDDE
8q7s_H_A,96.41746662695216,relaxed,opendde,OpenDDE
8q7s_H_B,98.61613675031415,relaxed,opendde,OpenDDE
8q7s_H_C,98.30085566194022,relaxed,opendde,OpenDDE
8q7s_H_D,98.58027860148944,relaxed,opendde,OpenDDE
8q7s_H_E,98.70789605414367,relaxed,opendde,OpenDDE
8q7s_H_F,97.77532527692476,relaxed,opendde,OpenDDE
8q93_H_A,92.08173066791488,relaxed,opendde,OpenDDE
8q93_H_B,92.3236292871445,relaxed,opendde,OpenDDE
8q94_H_A,93.80735507224404,relaxed,opendde,OpenDDE
8q94_H_B,94.57504316788788,relaxed,opendde,OpenDDE
8q95_H_A,90.95794930356702,relaxed,opendde,OpenDDE
8q95_H_B,90.32466171785208,relaxed,opendde,OpenDDE
8qf3_H_A,96.01507076609818,relaxed,opendde,OpenDDE
8qf3_H_B,96.67957954007382,relaxed,opendde,OpenDDE
8qf5_H_A,78.96619098837499,relaxed,opendde,OpenDDE
8qf5_H_B,72.2864876809565,relaxed,opendde,OpenDDE
8qgx_H_A,99.2903319235384,relaxed,opendde,OpenDDE
8qj2_H_A,88.50242019181948,relaxed,opendde,OpenDDE
8qot_H_A,58.97355766534439,relaxed,opendde,OpenDDE
8r61_H_A,96.35124734104318,relaxed,opendde,OpenDDE
8r61_H_B,98.13845271983752,relaxed,opendde,OpenDDE
8r61_H_C,98.42255185598148,relaxed,opendde,OpenDDE
8r61_H_D,96.59934458888765,relaxed,opendde,OpenDDE
8r61_H_E,98.22152643734886,relaxed,opendde,OpenDDE
8r61_H_F,98.07527110252444,relaxed,opendde,OpenDDE
8r80_H_A,98.3399954903732,relaxed,opendde,OpenDDE
8r80_H_B,97.3249668104401,relaxed,opendde,OpenDDE
8rby_H_A,97.30528496192052,relaxed,opendde,OpenDDE
8rcq_H_A,61.480638124435096,relaxed,opendde,OpenDDE
8rj7_H_A,99.02194603942854,relaxed,opendde,OpenDDE
8rj7_H_B,98.53062039029656,relaxed,opendde,OpenDDE
8rj7_H_C,98.80666589662124,relaxed,opendde,OpenDDE
8rj7_H_D,98.56394240637448,relaxed,opendde,OpenDDE
8rj7_H_E,98.15892649224936,relaxed,opendde,OpenDDE
8rmm_H_A,86.74959260601308,relaxed,opendde,OpenDDE
8rqf_H_A,97.12974890310572,relaxed,opendde,OpenDDE
8rwf_H_A,88.55194339652789,relaxed,opendde,OpenDDE
8rwf_H_B,88.62670442496304,relaxed,opendde,OpenDDE
8rwf_H_C,88.23705804532754,relaxed,opendde,OpenDDE
8sk5_H_A,98.94914785344648,relaxed,opendde,OpenDDE
8t58_H_A,79.38425307565046,relaxed,opendde,OpenDDE
8t58_H_B,61.35831191772737,relaxed,opendde,OpenDDE
8t9y_H_A,83.1960850973718,relaxed,opendde,OpenDDE
8tb7_H_A,98.0668770357252,relaxed,opendde,OpenDDE
8tgz_H_A,40.213137844760496,relaxed,opendde,OpenDDE
8tii_H_A,92.43980921859844,relaxed,opendde,OpenDDE
8u3s_H_A,96.93872755652636,relaxed,opendde,OpenDDE
8u4v_H_A,65.33851543387794,relaxed,opendde,OpenDDE
8u9y_H_A,42.24285664969908,relaxed,opendde,OpenDDE
8uoa_H_A,87.9997157471883,relaxed,opendde,OpenDDE
8w90_H_A,91.72793950596204,relaxed,opendde,OpenDDE
8w90_H_B,95.08739956496127,relaxed,opendde,OpenDDE
8w90_H_C,90.7228521059968,relaxed,opendde,OpenDDE
8wnp_H_A,95.70633863724088,relaxed,opendde,OpenDDE
8wnp_H_B,94.54113008259613,relaxed,opendde,OpenDDE
8wnu_H_A,56.49383509513963,relaxed,opendde,OpenDDE
8wnu_H_B,74.83454605862381,relaxed,opendde,OpenDDE
8wo4_H_A,71.9050990662792,relaxed,opendde,OpenDDE
8wo4_H_B,66.43662698248411,relaxed,opendde,OpenDDE
8x7n_H_A,97.93879065984775,relaxed,opendde,OpenDDE
8x7n_H_B,98.01216749426166,relaxed,opendde,OpenDDE
8x7n_H_C,97.66587276059408,relaxed,opendde,OpenDDE
8x7n_H_D,97.78074594662364,relaxed,opendde,OpenDDE
8x7n_H_E,98.01609890571622,relaxed,opendde,OpenDDE
8xk2_H_A,97.01343552613366,relaxed,opendde,OpenDDE
8xk2_H_B,95.0854972383962,relaxed,opendde,OpenDDE
8xk2_H_C,95.39367052648448,relaxed,opendde,OpenDDE
8xk2_H_D,93.06138980449134,relaxed,opendde,OpenDDE
8xld_H_A,98.49883621361822,relaxed,opendde,OpenDDE
8xvj_H_A,96.36362071477778,relaxed,opendde,OpenDDE
8xvk_H_A,63.33942308934967,relaxed,opendde,OpenDDE
8xvl_H_A,71.52849324052727,relaxed,opendde,OpenDDE
8ybl_H_A,98.54757678188491,relaxed,opendde,OpenDDE
8ybm_H_A,98.90816812389204,relaxed,opendde,OpenDDE
8ybm_H_B,98.2643614022638,relaxed,opendde,OpenDDE
8ybn_H_A,95.55868248620284,relaxed,opendde,OpenDDE
8ybo_H_A,98.86548061771526,relaxed,opendde,OpenDDE
8ybo_H_B,98.7599956810046,relaxed,opendde,OpenDDE
8ybp_H_A,96.19211250078654,relaxed,opendde,OpenDDE
8yns_H_A,92.70209432567988,relaxed,opendde,OpenDDE
8ynt_H_A,54.85522999511527,relaxed,opendde,OpenDDE
8ysf_H_A,95.58406218007153,relaxed,opendde,OpenDDE
8ysf_H_B,96.7290695816924,relaxed,opendde,OpenDDE
8ysh_H_A,98.49831103154138,relaxed,opendde,OpenDDE
8yw6_H_A,73.25459292362187,relaxed,opendde,OpenDDE
8yw8_H_A,70.87981306688776,relaxed,opendde,OpenDDE
8z8l_H_A,94.41171589506676,relaxed,opendde,OpenDDE
8zbb_H_A,84.52300437216287,relaxed,opendde,OpenDDE
8zer_H_A,96.58241034321225,relaxed,opendde,OpenDDE
8zer_H_B,98.4158255322878,relaxed,opendde,OpenDDE
8zer_H_C,97.57321374656178,relaxed,opendde,OpenDDE
8zer_H_D,97.5235906082664,relaxed,opendde,OpenDDE
8zer_H_E,97.55054805316288,relaxed,opendde,OpenDDE
8zes_H_A,98.23460392724516,relaxed,opendde,OpenDDE
8zes_H_B,97.98467901549644,relaxed,opendde,OpenDDE
8zes_H_C,97.99358309148512,relaxed,opendde,OpenDDE
8zes_H_D,98.1942380609442,relaxed,opendde,OpenDDE
8zes_H_E,97.49153701577389,relaxed,opendde,OpenDDE
8zrd_H_A,98.48110420340598,relaxed,opendde,OpenDDE
8zrd_H_B,94.37150816483803,relaxed,opendde,OpenDDE
9b2c_H_A,58.32696752983309,relaxed,opendde,OpenDDE
9bei_H_A,66.10359180042221,relaxed,opendde,OpenDDE
9cmi_H_A,69.95692129749803,relaxed,opendde,OpenDDE
9co7_H_A,92.50215799321194,relaxed,opendde,OpenDDE
9co9_H_A,93.82051996147746,relaxed,opendde,OpenDDE
9d3e_H_A,71.35271831081575,relaxed,opendde,OpenDDE
9d3g_H_A,67.38599681793534,relaxed,opendde,OpenDDE
9dpe_H_A,97.8245638212233,relaxed,opendde,OpenDDE
9ee5_H_A,63.35070165404986,relaxed,opendde,OpenDDE
9ehs_H_A,65.20452574117243,relaxed,opendde,OpenDDE
9ei5_H_A,93.67260997369948,relaxed,opendde,OpenDDE
9ekh_H_A,69.84367685707265,relaxed,opendde,OpenDDE
9ert_H_A,94.14620711874495,relaxed,opendde,OpenDDE
9eru_H_A,95.73891530954933,relaxed,opendde,OpenDDE
9eru_H_B,95.90858042079287,relaxed,opendde,OpenDDE
9eru_H_C,96.05280023997848,relaxed,opendde,OpenDDE
9eru_H_D,97.15372189349304,relaxed,opendde,OpenDDE
9erw_H_A,95.61018268981516,relaxed,opendde,OpenDDE
9etl_H_A,97.40145681661176,relaxed,opendde,OpenDDE
9etl_H_B,97.0955527918954,relaxed,opendde,OpenDDE
9ezi_H_A,98.0559918380736,relaxed,opendde,OpenDDE
9ezu_H_A,96.959103612389,relaxed,opendde,OpenDDE
9ezw_H_A,98.301345464691,relaxed,opendde,OpenDDE
9fww_H_A,97.38022456121398,relaxed,opendde,OpenDDE
9fzc_H_A,96.53313709028252,relaxed,opendde,OpenDDE
9fzc_H_B,96.42341069969775,relaxed,opendde,OpenDDE
9fzd_H_A,97.34146665926542,relaxed,opendde,OpenDDE
9g4g_H_A,83.70479519331099,relaxed,opendde,OpenDDE
9g5l_H_A,97.86948237589536,relaxed,opendde,OpenDDE
9g5z_H_A,97.9411362747458,relaxed,opendde,OpenDDE
9gcn_H_A,90.55481635222247,relaxed,opendde,OpenDDE
9gcn_H_B,92.03291743941058,relaxed,opendde,OpenDDE
9gcn_H_C,92.25441749435696,relaxed,opendde,OpenDDE
9gcn_H_D,90.03676951020803,relaxed,opendde,OpenDDE
9glz_H_A,94.71342078227256,relaxed,opendde,OpenDDE
9glz_H_B,96.18751295091944,relaxed,opendde,OpenDDE
9h1f_H_A,95.35508091784035,relaxed,opendde,OpenDDE
9hap_H_A,97.40141871407162,relaxed,opendde,OpenDDE
9hb3_H_A,98.10018710612196,relaxed,opendde,OpenDDE
9hll_H_A,98.39169650414952,relaxed,opendde,OpenDDE
9hml_H_A,86.93704049214993,relaxed,opendde,OpenDDE
9ho4_H_A,99.25840598762228,relaxed,opendde,OpenDDE
9ho5_H_A,98.28980529959318,relaxed,opendde,OpenDDE
9ho6_H_A,98.4277758476933,relaxed,opendde,OpenDDE
9ho6_H_B,98.50509263684482,relaxed,opendde,OpenDDE
9imx_H_A,94.93870858409824,relaxed,opendde,OpenDDE
9imx_H_B,96.2738500190592,relaxed,opendde,OpenDDE
9imx_H_C,95.2628004690552,relaxed,opendde,OpenDDE
9imx_H_D,96.2346193838069,relaxed,opendde,OpenDDE
9isf_H_A,81.17977464821217,relaxed,opendde,OpenDDE
9iya_H_A,70.00547240562945,relaxed,opendde,OpenDDE
9j7y_H_A,95.88358301061687,relaxed,opendde,OpenDDE
9j9z_H_A,74.88324017178508,relaxed,opendde,OpenDDE
9jfu_H_A,65.89760443671877,relaxed,opendde,OpenDDE
9jg0_H_A,97.09849894277174,relaxed,opendde,OpenDDE
9jo9_H_A,98.62262665582018,relaxed,opendde,OpenDDE
9jo9_H_B,98.61644990276795,relaxed,opendde,OpenDDE
9jo9_H_C,98.59922278270912,relaxed,opendde,OpenDDE
9jo9_H_D,98.68432470211076,relaxed,opendde,OpenDDE
9jo9_H_E,98.83100312211872,relaxed,opendde,OpenDDE
9jo9_H_F,98.98476301395888,relaxed,opendde,OpenDDE
9jo9_H_G,98.90666122925607,relaxed,opendde,OpenDDE
9jo9_I_A,98.48527927487343,relaxed,opendde,OpenDDE
9jo9_I_B,98.87308834708004,relaxed,opendde,OpenDDE
9jo9_I_C,98.91372017753928,relaxed,opendde,OpenDDE
9jqt_H_A,99.21262683036528,relaxed,opendde,OpenDDE
9jro_H_A,95.81357204539486,relaxed,opendde,OpenDDE
9jrt_H_A,94.8569546137714,relaxed,opendde,OpenDDE
9k94_H_A,98.58383579595586,relaxed,opendde,OpenDDE
9k94_H_B,98.47214356026404,relaxed,opendde,OpenDDE
9k94_H_C,98.4974182823471,relaxed,opendde,OpenDDE
9k94_H_D,98.57385473529575,relaxed,opendde,OpenDDE
9k94_H_E,98.33664292513345,relaxed,opendde,OpenDDE
9knw_H_A,52.015646010766346,relaxed,opendde,OpenDDE
9knx_H_A,76.60010804625307,relaxed,opendde,OpenDDE
9kny_H_A,50.22965706853789,relaxed,opendde,OpenDDE
9l9o_H_A,75.03560565140278,relaxed,opendde,OpenDDE
9lh2_H_A,97.85722100152348,relaxed,opendde,OpenDDE
9lh2_H_B,98.40548929043386,relaxed,opendde,OpenDDE
9lmo_H_A,98.14859156683384,relaxed,opendde,OpenDDE
9lvb_H_A,76.8781055173776,relaxed,opendde,OpenDDE
9m5d_H_A,96.412451983814,relaxed,opendde,OpenDDE
9min_H_A,96.42283126828978,relaxed,opendde,OpenDDE
9my8_H_A,94.88915882614202,relaxed,opendde,OpenDDE
9nn9_H_A,93.2140901752141,relaxed,opendde,OpenDDE
9nn9_H_B,95.9244191846213,relaxed,opendde,OpenDDE
9npt_H_A,91.36098336991544,relaxed,opendde,OpenDDE
9npt_H_B,91.8172445146256,relaxed,opendde,OpenDDE
9npt_H_C,91.01150902135838,relaxed,opendde,OpenDDE
9o5s_H_A,98.58712758942538,relaxed,opendde,OpenDDE
9o5s_H_B,98.88100307577352,relaxed,opendde,OpenDDE
9obn_H_A,93.33928686771982,relaxed,opendde,OpenDDE
9obn_H_B,94.77046128494425,relaxed,opendde,OpenDDE
9opr_H_A,96.53226004006106,relaxed,opendde,OpenDDE
9pee_H_A,70.37253910300926,relaxed,opendde,OpenDDE
9pkv_H_A,91.84734709810608,relaxed,opendde,OpenDDE
9pxu_H_A,94.87728790385322,relaxed,opendde,OpenDDE
9qqs_H_A,50.477026126925104,relaxed,opendde,OpenDDE
9qt3_H_A,94.8930475840842,relaxed,opendde,OpenDDE
9qt3_H_B,97.1248121076622,relaxed,opendde,OpenDDE
9qt3_H_C,95.4249449847377,relaxed,opendde,OpenDDE
9qt3_H_D,98.97262473169484,relaxed,opendde,OpenDDE
9qty_H_A,46.95693847194939,relaxed,opendde,OpenDDE
9rma_H_A,96.6642114405254,relaxed,opendde,OpenDDE
9rn6_H_A,93.81743277006744,relaxed,opendde,OpenDDE
9rn6_H_B,94.44879674909916,relaxed,opendde,OpenDDE
9rsj_H_A,94.01708988721592,relaxed,opendde,OpenDDE
9shd_H_A,97.73747109980476,relaxed,opendde,OpenDDE
9t9m_H_A,71.3006467434696,relaxed,opendde,OpenDDE
9ulm_H_A,77.3679514955984,relaxed,opendde,OpenDDE
9ulm_H_B,83.07674227259716,relaxed,opendde,OpenDDE
9uln_H_A,82.81232031648949,relaxed,opendde,OpenDDE
9uoc_H_A,97.96019627685098,relaxed,opendde,OpenDDE
9uoc_H_B,97.0819594578974,relaxed,opendde,OpenDDE
9uoc_H_C,96.4275075245694,relaxed,opendde,OpenDDE
9uoc_H_D,95.64411396952276,relaxed,opendde,OpenDDE
9uoi_H_A,98.89895365708276,relaxed,opendde,OpenDDE
9uuf_H_A,93.74575472232893,relaxed,opendde,OpenDDE
9uuf_H_B,87.91825718839958,relaxed,opendde,OpenDDE
9v0o_H_A,98.57161191738268,relaxed,opendde,OpenDDE
9v0o_H_B,98.57812523967958,relaxed,opendde,OpenDDE
9v0o_H_C,98.6255479643743,relaxed,opendde,OpenDDE
9v0o_H_D,98.40415194977795,relaxed,opendde,OpenDDE
9wpi_H_A,98.3463141750688,relaxed,opendde,OpenDDE
9xzx_H_A,92.55423006849772,relaxed,opendde,OpenDDE
9xzx_H_B,92.23594497747592,relaxed,opendde,OpenDDE
9yc3_H_A,83.5589606375577,relaxed,opendde,OpenDDE
9yfu_H_A,63.35136927855858,relaxed,opendde,OpenDDE
9ytd_H_A,97.76259954529291,relaxed,opendde,OpenDDE
9ytf_H_A,99.12385555687015,relaxed,opendde,OpenDDE
9yxd_H_A,96.23494626215384,relaxed,opendde,OpenDDE
9z3j_H_A,98.09513723910332,relaxed,opendde,OpenDDE
9zg5_H_A,97.04640522508582,relaxed,opendde,OpenDDE
9zg5_H_B,96.86118319126496,relaxed,opendde,OpenDDE
9zg5_H_C,96.74587125454528,relaxed,opendde,OpenDDE
9zg5_H_D,96.67763539927384,relaxed,opendde,OpenDDE
10zo_H_A,86.63024811162188,crystal,esmfold2,ESM
10zo_H_B,92.21311934394198,crystal,esmfold2,ESM
11ol_H_A,92.9939827544179,crystal,esmfold2,ESM
11oo_H_A,96.6957332867996,crystal,esmfold2,ESM
11oq_H_A,96.70642988181132,crystal,esmfold2,ESM
11or_H_A,94.09752576879175,crystal,esmfold2,ESM
11ou_H_A,96.771351947181,crystal,esmfold2,ESM
11zw_H_A,94.36316858622668,crystal,esmfold2,ESM
1bzq_H_A,99.40409888456313,crystal,esmfold2,ESM
1bzq_H_B,99.41284704649796,crystal,esmfold2,ESM
1bzq_H_C,99.44451215253338,crystal,esmfold2,ESM
1bzq_H_D,99.40242941268052,crystal,esmfold2,ESM
1jto_H_A,98.94516841577214,crystal,esmfold2,ESM
1jto_H_B,98.6493180695737,crystal,esmfold2,ESM
1mel_H_A,99.05230518429738,crystal,esmfold2,ESM
1mel_H_B,98.81596447658605,crystal,esmfold2,ESM
1op9_H_A,99.39162926956855,crystal,esmfold2,ESM
1zmy_H_A,98.5059332736118,crystal,esmfold2,ESM
1zvh_H_A,97.3355086686922,crystal,esmfold2,ESM
1zvy_H_A,99.21992977226336,crystal,esmfold2,ESM
2p42_H_A,98.32536259679402,crystal,esmfold2,ESM
2p42_H_B,99.1656301631215,crystal,esmfold2,ESM
2p43_H_A,97.11618412822553,crystal,esmfold2,ESM
2p44_H_A,96.5534487084384,crystal,esmfold2,ESM
2p45_H_A,99.32374896925616,crystal,esmfold2,ESM
2p47_H_A,98.51707305870744,crystal,esmfold2,ESM
2p49_H_A,97.00886185255496,crystal,esmfold2,ESM
2p4a_H_A,99.5324954859437,crystal,esmfold2,ESM
2p4a_H_B,99.64386937347876,crystal,esmfold2,ESM
2vyr_H_A,12.380212429269315,crystal,esmfold2,ESM
2vyr_H_C,82.80470091790664,crystal,esmfold2,ESM
2vyr_H_D,82.94094776902806,crystal,esmfold2,ESM
2xv6_H_A,95.5646143260725,crystal,esmfold2,ESM
2xv6_H_B,94.34570653028769,crystal,esmfold2,ESM
3cfi_H_A,91.54074843855663,crystal,esmfold2,ESM
3cfi_H_B,86.86453587626947,crystal,esmfold2,ESM
3cfi_H_C,89.61324536580427,crystal,esmfold2,ESM
3cfi_H_D,92.84847554625244,crystal,esmfold2,ESM
3g9a_H_A,99.5429238963365,crystal,esmfold2,ESM
3k1k_H_A,92.57286489470768,crystal,esmfold2,ESM
3k1k_H_B,95.03490574259077,crystal,esmfold2,ESM
3k74_H_A,98.30924143409298,crystal,esmfold2,ESM
3k7u_H_A,87.99519400579726,crystal,esmfold2,ESM
3k80_H_A,92.15966490463131,crystal,esmfold2,ESM
3k80_H_B,88.66714185493849,crystal,esmfold2,ESM
3ogo_H_A,99.31949939979894,crystal,esmfold2,ESM
3p9w_H_A,93.39411583740464,crystal,esmfold2,ESM
3p9w_H_B,94.01509721574428,crystal,esmfold2,ESM
3p9w_H_C,94.57145875560802,crystal,esmfold2,ESM
3p9w_H_D,92.19954385869502,crystal,esmfold2,ESM
3qsk_H_A,96.30547676362214,crystal,esmfold2,ESM
3zhd_H_A,93.89183515892782,crystal,esmfold2,ESM
4dk3_H_A,88.06281899476576,crystal,esmfold2,ESM
4dk3_H_B,75.16742997684264,crystal,esmfold2,ESM
4dk6_H_A,87.83914116616876,crystal,esmfold2,ESM
4dk6_H_B,85.01685436613937,crystal,esmfold2,ESM
4eig_H_A,99.02485064825828,crystal,esmfold2,ESM
4eiz_H_A,97.605148340399,crystal,esmfold2,ESM
4eiz_H_B,97.76510988362968,crystal,esmfold2,ESM
4ej1_H_A,99.02899792341152,crystal,esmfold2,ESM
4ej1_H_B,98.9008953606842,crystal,esmfold2,ESM
4fhb_H_A,97.38333002240492,crystal,esmfold2,ESM
4hep_H_A,71.51629175467184,crystal,esmfold2,ESM
4ios_H_A,97.63506532611402,crystal,esmfold2,ESM
4kml_H_A,88.6316328290247,crystal,esmfold2,ESM
4n9o_H_A,89.64306883820858,crystal,esmfold2,ESM
4nbx_H_A,92.24785627609974,crystal,esmfold2,ESM
4nby_H_A,97.11707924592724,crystal,esmfold2,ESM
4nby_H_B,95.47000210291998,crystal,esmfold2,ESM
4nbz_H_A,96.62563534878193,crystal,esmfold2,ESM
4nbz_H_B,97.09738242646516,crystal,esmfold2,ESM
4nc0_H_A,97.3908401957739,crystal,esmfold2,ESM
4nc1_H_A,89.36187233888099,crystal,esmfold2,ESM
4nc1_H_B,97.290823452271,crystal,esmfold2,ESM
4nc1_H_C,95.14425321148867,crystal,esmfold2,ESM
4nc1_H_D,96.02405300236332,crystal,esmfold2,ESM
4nc2_H_A,87.71649327194771,crystal,esmfold2,ESM
4orz_H_A,82.76110527373363,crystal,esmfold2,ESM
4pgj_H_A,98.32373099381186,crystal,esmfold2,ESM
4pgj_H_B,98.67702180223992,crystal,esmfold2,ESM
4pou_H_A,94.54158667997967,crystal,esmfold2,ESM
4qo1_H_A,98.9722704898919,crystal,esmfold2,ESM
4s10_H_A,97.03859886975695,crystal,esmfold2,ESM
4s10_H_B,96.54131314828297,crystal,esmfold2,ESM
4u3x_H_A,98.38498566602796,crystal,esmfold2,ESM
4u3x_H_B,98.67436717615372,crystal,esmfold2,ESM
4w2q_H_A,61.488917225557394,crystal,esmfold2,ESM
4w2q_H_B,91.72101595328424,crystal,esmfold2,ESM
4w2q_H_C,51.71485585455336,crystal,esmfold2,ESM
4w2q_H_D,91.0772683081159,crystal,esmfold2,ESM
4w6w_H_A,75.92466289439169,crystal,esmfold2,ESM
4w6x_H_A,93.63885048668236,crystal,esmfold2,ESM
4weu_H_A,81.31359687739689,crystal,esmfold2,ESM
4weu_H_B,97.5379394077216,crystal,esmfold2,ESM
4y7m_H_A,97.88251977141393,crystal,esmfold2,ESM
4y7m_H_B,92.28282368668144,crystal,esmfold2,ESM
5bop_H_A,34.66060530510401,crystal,esmfold2,ESM
5bop_H_B,35.63411446772301,crystal,esmfold2,ESM
5c2u_H_A,96.65650582283708,crystal,esmfold2,ESM
5dmj_H_A,90.47147927640252,crystal,esmfold2,ESM
5dmj_H_B,87.93448148818393,crystal,esmfold2,ESM
5dmj_H_C,72.55520589916856,crystal,esmfold2,ESM
5e0q_H_A,97.89553722383998,crystal,esmfold2,ESM
5e5m_H_A,98.07484732943202,crystal,esmfold2,ESM
5e5m_H_B,96.38836560614968,crystal,esmfold2,ESM
5e5m_H_C,94.42151947898112,crystal,esmfold2,ESM
5e5m_H_D,95.3302187358399,crystal,esmfold2,ESM
5f1k_H_A,96.51872402965272,crystal,esmfold2,ESM
5f1k_H_B,99.22231173720056,crystal,esmfold2,ESM
5f1o_H_A,98.40779220869324,crystal,esmfold2,ESM
5fv2_H_A,93.85389024167972,crystal,esmfold2,ESM
5fv2_H_B,96.11020163980906,crystal,esmfold2,ESM
5fv2_H_C,94.85169805148996,crystal,esmfold2,ESM
5g5r_H_A,90.93492857691592,crystal,esmfold2,ESM
5g5x_H_A,96.1209863056672,crystal,esmfold2,ESM
5h8o_H_A,58.00510643972384,crystal,esmfold2,ESM
5ihl_H_A,88.6869275853732,crystal,esmfold2,ESM
5ihl_H_B,80.13779524456955,crystal,esmfold2,ESM
5imk_H_A,96.16483746782276,crystal,esmfold2,ESM
5iml_H_A,97.84693135811206,crystal,esmfold2,ESM
5ip4_H_A,82.19241314087219,crystal,esmfold2,ESM
5ip4_H_B,79.01441789141622,crystal,esmfold2,ESM
5ja8_H_A,88.52956139281534,crystal,esmfold2,ESM
5lhr_H_A,99.21244465050754,crystal,esmfold2,ESM
5m2m_H_A,96.56496906956802,crystal,esmfold2,ESM
5m2m_H_B,96.84672234652048,crystal,esmfold2,ESM
5m2m_H_C,96.78830753405192,crystal,esmfold2,ESM
5m2m_H_D,96.46207213748778,crystal,esmfold2,ESM
5m2m_H_E,96.82360982222949,crystal,esmfold2,ESM
5m2m_H_F,93.29954835636713,crystal,esmfold2,ESM
5mp2_H_A,54.425132344821726,crystal,esmfold2,ESM
5mp2_H_B,33.04836384564823,crystal,esmfold2,ESM
5n88_H_A,94.88960502574211,crystal,esmfold2,ESM
5n88_H_B,93.60233689781523,crystal,esmfold2,ESM
5o2u_H_A,95.35532746692328,crystal,esmfold2,ESM
5o2u_H_B,94.07692939143566,crystal,esmfold2,ESM
5ocl_H_A,80.11290737276052,crystal,esmfold2,ESM
5ocl_H_B,97.30397227180728,crystal,esmfold2,ESM
5ocl_H_C,88.96042708217942,crystal,esmfold2,ESM
5ocl_H_D,98.23379369215792,crystal,esmfold2,ESM
5ocl_H_E,96.32027391586314,crystal,esmfold2,ESM
5ocl_H_F,90.13667025557704,crystal,esmfold2,ESM
5ocl_H_G,98.66871943333966,crystal,esmfold2,ESM
5ocl_I_A,80.18152549059359,crystal,esmfold2,ESM
5ovw_H_A,98.44816833020415,crystal,esmfold2,ESM
5sv3_H_A,97.92741318030332,crystal,esmfold2,ESM
5sv3_H_B,97.48786602897808,crystal,esmfold2,ESM
5vxm_H_A,59.08780414008624,crystal,esmfold2,ESM
6app_H_A,88.98925741396675,crystal,esmfold2,ESM
6c5w_H_A,19.008261122562807,crystal,esmfold2,ESM
6dbf_H_A,99.30629612748837,crystal,esmfold2,ESM
6ey0_H_A,91.45851942939764,crystal,esmfold2,ESM
6ey0_H_B,91.52532070970037,crystal,esmfold2,ESM
6ey0_H_C,93.4228896182958,crystal,esmfold2,ESM
6ey0_H_D,91.52426203402726,crystal,esmfold2,ESM
6gjq_H_A,95.38067913058968,crystal,esmfold2,ESM
6gjq_H_B,94.8994334610976,crystal,esmfold2,ESM
6gjq_H_C,95.51892368311611,crystal,esmfold2,ESM
6gjq_H_D,95.21703956409831,crystal,esmfold2,ESM
6gjs_H_A,97.17928886687632,crystal,esmfold2,ESM
6gjs_H_B,97.04672873651946,crystal,esmfold2,ESM
6gju_H_A,90.07167242204223,crystal,esmfold2,ESM
6gju_H_B,90.33839356972992,crystal,esmfold2,ESM
6gk4_H_A,97.73511356966236,crystal,esmfold2,ESM
6gk4_H_B,75.6382412037313,crystal,esmfold2,ESM
6ir1_H_A,99.0083327080021,crystal,esmfold2,ESM
6ir2_H_A,99.08354488237454,crystal,esmfold2,ESM
6jri_H_A,87.1897014932843,crystal,esmfold2,ESM
6jri_H_B,90.62286660728252,crystal,esmfold2,ESM
6jri_H_C,92.78116088189032,crystal,esmfold2,ESM
6jri_H_D,92.46340394545552,crystal,esmfold2,ESM
6lr7_H_A,95.25985235237508,crystal,esmfold2,ESM
6r7t_H_A,86.92923172628015,crystal,esmfold2,ESM
6rpj_H_A,96.3978117871159,crystal,esmfold2,ESM
6rpj_H_D,96.21120232433807,crystal,esmfold2,ESM
6rqm_H_A,56.56030621206295,crystal,esmfold2,ESM
6rvc_H_A,63.227129903070455,crystal,esmfold2,ESM
6rvc_H_B,56.69900539765008,crystal,esmfold2,ESM
6rvc_H_C,54.85937616822,crystal,esmfold2,ESM
6u12_H_A,99.38100073169475,crystal,esmfold2,ESM
6u54_H_A,94.4946534593733,crystal,esmfold2,ESM
6u55_H_A,85.79173457619521,crystal,esmfold2,ESM
6waq_H_A,91.10137597525208,crystal,esmfold2,ESM
6war_H_A,97.66143563459016,crystal,esmfold2,ESM
6war_H_B,97.77131265591922,crystal,esmfold2,ESM
6war_H_C,97.5602856745788,crystal,esmfold2,ESM
6war_H_D,97.68168278993554,crystal,esmfold2,ESM
6war_H_E,97.49945950933224,crystal,esmfold2,ESM
6war_H_F,97.38516150967564,crystal,esmfold2,ESM
6war_H_G,97.55252912835262,crystal,esmfold2,ESM
6war_I_A,97.65709617374368,crystal,esmfold2,ESM
6ww2_H_A,69.65981654277688,crystal,esmfold2,ESM
6xzu_H_A,97.9901592595142,crystal,esmfold2,ESM
6y1r_H_A,33.36056866092589,crystal,esmfold2,ESM
6yz7_H_A,98.28697311901595,crystal,esmfold2,ESM
6yz7_H_B,98.305299266814,crystal,esmfold2,ESM
6z2m_H_A,97.1527199029864,crystal,esmfold2,ESM
6z2m_H_B,98.56818344348508,crystal,esmfold2,ESM
6zcz_H_A,98.04265444582563,crystal,esmfold2,ESM
6zh9_H_A,98.60563108281958,crystal,esmfold2,ESM
7aej_H_A,1.6389639693032174,crystal,esmfold2,ESM
7anq_H_A,92.20094354701226,crystal,esmfold2,ESM
7azb_H_A,98.79767229163188,crystal,esmfold2,ESM
7b14_H_A,94.11287024147866,crystal,esmfold2,ESM
7b27_H_A,79.26870133942626,crystal,esmfold2,ESM
7b27_H_B,97.98210936222696,crystal,esmfold2,ESM
7b5g_H_A,93.2980024905154,crystal,esmfold2,ESM
7b5g_H_B,95.48015460247144,crystal,esmfold2,ESM
7b5g_H_C,91.68528046372712,crystal,esmfold2,ESM
7b5g_H_D,92.18542665442992,crystal,esmfold2,ESM
7c8w_H_A,97.9067749033054,crystal,esmfold2,ESM
7can_H_A,96.78454631767616,crystal,esmfold2,ESM
7cz0_H_A,99.06573071676188,crystal,esmfold2,ESM
7cz0_H_B,98.65419718509256,crystal,esmfold2,ESM
7cz0_H_C,98.88669651325128,crystal,esmfold2,ESM
7cz0_H_D,99.01338145100344,crystal,esmfold2,ESM
7czd_H_A,98.226088939156,crystal,esmfold2,ESM
7d6y_H_A,97.45803212178062,crystal,esmfold2,ESM
7d8b_H_A,96.49613559890533,crystal,esmfold2,ESM
7d8b_H_B,96.92364374526636,crystal,esmfold2,ESM
7dst_H_A,30.358370325007893,crystal,esmfold2,ESM
7e53_H_A,99.28553495859144,crystal,esmfold2,ESM
7eow_H_A,99.37785596736632,crystal,esmfold2,ESM
7fat_H_A,93.0999417920197,crystal,esmfold2,ESM
7fau_H_A,93.29957671285273,crystal,esmfold2,ESM
7jhg_H_A,65.98082626600969,crystal,esmfold2,ESM
7jhh_H_A,66.58684829667271,crystal,esmfold2,ESM
7jkm_H_A,77.45939150666426,crystal,esmfold2,ESM
7kgj_H_A,98.9586653680114,crystal,esmfold2,ESM
7kgk_H_A,98.7755320150233,crystal,esmfold2,ESM
7klw_H_A,97.82494738956522,crystal,esmfold2,ESM
7klw_H_B,97.36960901931316,crystal,esmfold2,ESM
7km5_H_A,97.6054070566752,crystal,esmfold2,ESM
7km5_H_B,98.20409544856766,crystal,esmfold2,ESM
7kn5_H_A,99.19857484116702,crystal,esmfold2,ESM
7kn5_H_B,98.92896282212531,crystal,esmfold2,ESM
7kn6_H_A,96.71973945966838,crystal,esmfold2,ESM
7kn7_H_A,94.39237919423668,crystal,esmfold2,ESM
7ldj_H_A,97.5545043064064,crystal,esmfold2,ESM
7ldj_H_B,91.941865349747,crystal,esmfold2,ESM
7ldj_H_C,94.61446440054084,crystal,esmfold2,ESM
7ldj_H_D,96.01333794558474,crystal,esmfold2,ESM
7lx5_H_A,97.38890069744204,crystal,esmfold2,ESM
7lx5_H_B,97.85790487002704,crystal,esmfold2,ESM
7m74_H_A,65.60105180839436,crystal,esmfold2,ESM
7mdw_H_A,94.21319257473316,crystal,esmfold2,ESM
7mdw_H_B,94.79201833062208,crystal,esmfold2,ESM
7me7_H_A,88.79822521589197,crystal,esmfold2,ESM
7me7_H_B,88.96868213938033,crystal,esmfold2,ESM
7mej_H_A,85.57715783670467,crystal,esmfold2,ESM
7mji_H_A,98.44455228381923,crystal,esmfold2,ESM
7n0r_H_A,94.07943180440786,crystal,esmfold2,ESM
7n0r_H_B,95.0519110313175,crystal,esmfold2,ESM
7n9a_H_A,95.94048278963427,crystal,esmfold2,ESM
7n9u_H_A,69.81448459049724,crystal,esmfold2,ESM
7n9u_H_B,40.06845889873589,crystal,esmfold2,ESM
7n9v_H_A,81.73470145382109,crystal,esmfold2,ESM
7n9v_H_B,85.31807648424284,crystal,esmfold2,ESM
7n9v_H_C,84.01693295476935,crystal,esmfold2,ESM
7n9v_H_D,90.32771192180928,crystal,esmfold2,ESM
7n9x_H_A,37.21421562344901,crystal,esmfold2,ESM
7n9x_H_B,37.373301276003794,crystal,esmfold2,ESM
7n9x_H_C,93.09658747092853,crystal,esmfold2,ESM
7ndf_H_A,88.88115676177387,crystal,esmfold2,ESM
7ndf_H_B,92.98249250487116,crystal,esmfold2,ESM
7nll_H_A,98.3852565115581,crystal,esmfold2,ESM
7nll_H_B,98.41612114066872,crystal,esmfold2,ESM
7nmu_H_A,34.62023322893771,crystal,esmfold2,ESM
7nmu_H_B,34.81808134376494,crystal,esmfold2,ESM
7now_H_A,98.13783277066196,crystal,esmfold2,ESM
7now_H_B,97.9338768318544,crystal,esmfold2,ESM
7nvo_H_A,95.6119005166595,crystal,esmfold2,ESM
7nvo_H_B,96.2646035533475,crystal,esmfold2,ESM
7nxx_H_A,98.91670863546604,crystal,esmfold2,ESM
7o06_H_A,91.01638655270108,crystal,esmfold2,ESM
7o0s_H_A,90.25038597789217,crystal,esmfold2,ESM
7o31_H_A,98.95911829528178,crystal,esmfold2,ESM
7oao_H_A,98.35830088257794,crystal,esmfold2,ESM
7oap_H_A,95.0619593597702,crystal,esmfold2,ESM
7oaq_H_A,95.15098112115274,crystal,esmfold2,ESM
7oau_H_A,99.26429409110668,crystal,esmfold2,ESM
7oay_H_A,98.81871987557736,crystal,esmfold2,ESM
7oay_H_B,98.53835405450442,crystal,esmfold2,ESM
7oay_H_C,98.4081646600842,crystal,esmfold2,ESM
7oay_H_D,98.57681016146012,crystal,esmfold2,ESM
7oay_H_E,98.77488532412106,crystal,esmfold2,ESM
7oay_H_F,98.57084051424744,crystal,esmfold2,ESM
7olz_H_A,83.67819046663378,crystal,esmfold2,ESM
7ozt_H_A,97.71604835008635,crystal,esmfold2,ESM
7php_H_A,65.11939711309668,crystal,esmfold2,ESM
7phq_H_A,66.34007730129883,crystal,esmfold2,ESM
7phq_H_B,69.09657247792379,crystal,esmfold2,ESM
7pij_H_A,68.03170315461954,crystal,esmfold2,ESM
7q3r_H_A,97.06600327201367,crystal,esmfold2,ESM
7q6c_H_A,97.812129012574,crystal,esmfold2,ESM
7r1z_H_A,25.736090736916704,crystal,esmfold2,ESM
7r1z_H_B,21.433625341557534,crystal,esmfold2,ESM
7r23_H_A,83.21051193986492,crystal,esmfold2,ESM
7r23_H_B,84.30325262257435,crystal,esmfold2,ESM
7r24_H_A,36.4112836626752,crystal,esmfold2,ESM
7r24_H_B,83.5666613321435,crystal,esmfold2,ESM
7r98_H_A,93.9740093875824,crystal,esmfold2,ESM
7r98_H_B,80.2130760144594,crystal,esmfold2,ESM
7r98_H_C,93.38888341601032,crystal,esmfold2,ESM
7rby_H_A,98.39060790684005,crystal,esmfold2,ESM
7rby_H_B,98.67823342835588,crystal,esmfold2,ESM
7saj_H_A,98.90106867386264,crystal,esmfold2,ESM
7saj_H_B,98.75755148201944,crystal,esmfold2,ESM
7saj_H_C,98.83556822079554,crystal,esmfold2,ESM
7saj_H_D,98.83408750441626,crystal,esmfold2,ESM
7saj_H_E,98.9301414320176,crystal,esmfold2,ESM
7sak_H_A,91.80861654092068,crystal,esmfold2,ESM
7sk5_H_A,90.55022732649851,crystal,esmfold2,ESM
7sk7_H_A,74.80266733540027,crystal,esmfold2,ESM
7tuy_H_A,68.79795618677008,crystal,esmfold2,ESM
7vnb_H_A,83.95859282493704,crystal,esmfold2,ESM
7voa_H_A,97.97967652440327,crystal,esmfold2,ESM
7w1s_H_A,97.62546231149015,crystal,esmfold2,ESM
7wd1_H_A,98.31559689928262,crystal,esmfold2,ESM
7wd1_H_B,98.3929577996038,crystal,esmfold2,ESM
7wki_H_A,90.77772182769397,crystal,esmfold2,ESM
7wpd_H_A,77.57570058202103,crystal,esmfold2,ESM
7wpe_H_A,83.9730372178323,crystal,esmfold2,ESM
7wpe_H_B,80.53561878711079,crystal,esmfold2,ESM
7wpf_H_A,81.56242114654434,crystal,esmfold2,ESM
7wpf_H_B,80.26442693493198,crystal,esmfold2,ESM
7wpf_H_C,80.0545626940907,crystal,esmfold2,ESM
7x2j_H_A,97.77830307898024,crystal,esmfold2,ESM
7x2k_H_A,98.3718727830054,crystal,esmfold2,ESM
7x2m_H_A,98.28367994781284,crystal,esmfold2,ESM
7x7d_H_A,97.49471686590704,crystal,esmfold2,ESM
7x7d_H_B,97.93184266231472,crystal,esmfold2,ESM
7x7d_H_C,96.92639092673116,crystal,esmfold2,ESM
7x7e_H_A,98.22260296614796,crystal,esmfold2,ESM
7x7e_H_B,97.98009661235726,crystal,esmfold2,ESM
7x7e_H_C,97.92187562215484,crystal,esmfold2,ESM
7xod_H_A,73.60594585970304,crystal,esmfold2,ESM
7xod_H_B,81.37694272391519,crystal,esmfold2,ESM
7xod_H_C,78.77040335112834,crystal,esmfold2,ESM
7xqv_H_A,75.65148893591841,crystal,esmfold2,ESM
7xtp_H_A,96.61435517828536,crystal,esmfold2,ESM
7xtp_H_B,96.22999524405935,crystal,esmfold2,ESM
7y0o_H_A,93.3977054989177,crystal,esmfold2,ESM
7yud_H_A,79.20480154095974,crystal,esmfold2,ESM
7yuf_H_A,79.75005903599391,crystal,esmfold2,ESM
7z1a_H_A,98.42127839184484,crystal,esmfold2,ESM
7z1a_H_B,98.52240486684988,crystal,esmfold2,ESM
7z1a_H_C,98.42639893981104,crystal,esmfold2,ESM
7z1a_H_D,98.55554654907966,crystal,esmfold2,ESM
7z1b_H_A,98.29908959259949,crystal,esmfold2,ESM
7z1b_H_B,98.09706514637465,crystal,esmfold2,ESM
7z1b_H_C,98.00642732227423,crystal,esmfold2,ESM
7z1b_H_D,97.76427476988356,crystal,esmfold2,ESM
7z1c_H_A,98.2756217947186,crystal,esmfold2,ESM
7z1c_H_B,98.52488482262662,crystal,esmfold2,ESM
7z1d_H_A,99.3952983436791,crystal,esmfold2,ESM
7z1e_H_A,98.61288586644234,crystal,esmfold2,ESM
7zf4_H_A,96.41337446347016,crystal,esmfold2,ESM
7zfb_H_A,97.47571700347808,crystal,esmfold2,ESM
7zfb_H_B,97.76093050478372,crystal,esmfold2,ESM
7zfc_H_A,93.62090675000316,crystal,esmfold2,ESM
7zfe_H_A,95.99641591170838,crystal,esmfold2,ESM
7zfe_H_B,95.97121658498716,crystal,esmfold2,ESM
7zfe_H_C,95.62376453106452,crystal,esmfold2,ESM
7zfe_H_D,60.283144509492296,crystal,esmfold2,ESM
7zk1_H_A,86.71546432700275,crystal,esmfold2,ESM
7zk1_H_B,87.91819971090726,crystal,esmfold2,ESM
7zkz_H_A,96.72527340643497,crystal,esmfold2,ESM
7zkz_H_B,96.35484708317917,crystal,esmfold2,ESM
7zlg_H_A,83.61880087303703,crystal,esmfold2,ESM
7zlh_H_A,77.18639773541473,crystal,esmfold2,ESM
7zli_H_A,78.36779711070388,crystal,esmfold2,ESM
7zlj_H_A,72.68152927366633,crystal,esmfold2,ESM
7zyi_H_A,72.086842811071,crystal,esmfold2,ESM
8aom_H_A,92.77228365479088,crystal,esmfold2,ESM
8bev_H_A,92.992314246301,crystal,esmfold2,ESM
8c3k_H_A,19.495901677750467,crystal,esmfold2,ESM
8c8p_H_A,95.42536877113868,crystal,esmfold2,ESM
8cii_H_A,98.93299748848156,crystal,esmfold2,ESM
8cwv_H_A,98.1569402375265,crystal,esmfold2,ESM
8cyj_H_A,87.65226134800554,crystal,esmfold2,ESM
8cyj_H_B,88.10593681364544,crystal,esmfold2,ESM
8cyj_H_C,87.71174545185835,crystal,esmfold2,ESM
8cyj_H_D,88.02793814461904,crystal,esmfold2,ESM
8di5_H_A,95.68142705537696,crystal,esmfold2,ESM
8dly_H_A,95.24548424308618,crystal,esmfold2,ESM
8dm0_H_A,95.01642472443751,crystal,esmfold2,ESM
8dqu_H_A,24.013638955685323,crystal,esmfold2,ESM
8dqu_H_B,27.41908646211153,crystal,esmfold2,ESM
8elo_H_A,98.47280743013984,crystal,esmfold2,ESM
8elp_H_A,98.9288320454562,crystal,esmfold2,ESM
8elq_H_A,98.17440072500514,crystal,esmfold2,ESM
8ew6_H_A,86.88962624589442,crystal,esmfold2,ESM
8g79_H_A,96.51823542291984,crystal,esmfold2,ESM
8g79_H_B,96.55324485444976,crystal,esmfold2,ESM
8g79_H_C,95.25719757743512,crystal,esmfold2,ESM
8gq5_H_A,46.341885266715686,crystal,esmfold2,ESM
8gq5_H_B,44.14563811885362,crystal,esmfold2,ESM
8gq5_H_C,45.62322518704688,crystal,esmfold2,ESM
8gq5_H_D,48.0118315817232,crystal,esmfold2,ESM
8gq5_H_E,56.28438642519815,crystal,esmfold2,ESM
8gq5_H_F,71.31978877220624,crystal,esmfold2,ESM
8gq5_H_G,76.3175298394645,crystal,esmfold2,ESM
8gq5_I_A,58.48083570800809,crystal,esmfold2,ESM
8gq5_I_B,61.56877873617663,crystal,esmfold2,ESM
8gq5_I_C,59.42587937268211,crystal,esmfold2,ESM
8gq5_I_D,60.69370943661829,crystal,esmfold2,ESM
8gq5_I_E,57.99286243955798,crystal,esmfold2,ESM
8gq5_I_F,57.47511908822952,crystal,esmfold2,ESM
8gq5_I_G,58.1893029528654,crystal,esmfold2,ESM
8gq5_J_A,59.53169511367342,crystal,esmfold2,ESM
8gq5_J_B,45.88780593816188,crystal,esmfold2,ESM
8gsi_H_A,74.35114057415988,crystal,esmfold2,ESM
8h5t_H_A,94.28272517722442,crystal,esmfold2,ESM
8h5u_H_A,98.30909613589564,crystal,esmfold2,ESM
8h5u_H_B,98.09806272346748,crystal,esmfold2,ESM
8h91_H_A,98.6908008549074,crystal,esmfold2,ESM
8h91_H_B,98.87369263721423,crystal,esmfold2,ESM
8hbg_H_A,30.81107999007301,crystal,esmfold2,ESM
8hbi_H_A,25.1865492574867,crystal,esmfold2,ESM
8hbj_H_A,30.75818591512411,crystal,esmfold2,ESM
8hbj_H_B,24.789548626189987,crystal,esmfold2,ESM
8heg_H_A,23.9736156346114,crystal,esmfold2,ESM
8hii_H_A,61.28959243932026,crystal,esmfold2,ESM
8hij_H_A,67.68654597661795,crystal,esmfold2,ESM
8hik_H_A,66.69640937761719,crystal,esmfold2,ESM
8hr2_H_A,94.67752595780571,crystal,esmfold2,ESM
8hr2_H_B,95.15893665084062,crystal,esmfold2,ESM
8ilx_H_A,99.26878160607734,crystal,esmfold2,ESM
8ilx_H_B,99.36018244711433,crystal,esmfold2,ESM
8im0_H_A,99.20499832128856,crystal,esmfold2,ESM
8im1_H_A,99.34517951870764,crystal,esmfold2,ESM
8j5j_H_A,97.1666566775692,crystal,esmfold2,ESM
8j9o_H_A,72.2232632713428,crystal,esmfold2,ESM
8jh7_H_A,68.4889680029716,crystal,esmfold2,ESM
8jhc_H_A,67.16997259698421,crystal,esmfold2,ESM
8jys_H_A,88.32918603685644,crystal,esmfold2,ESM
8jys_H_B,90.90681051981512,crystal,esmfold2,ESM
8k33_H_A,99.43579667228832,crystal,esmfold2,ESM
8k33_H_B,99.54993200883274,crystal,esmfold2,ESM
8k33_H_C,99.70039528538038,crystal,esmfold2,ESM
8k33_H_D,99.19990875833837,crystal,esmfold2,ESM
8k33_H_E,99.54224954228567,crystal,esmfold2,ESM
8k33_H_F,99.57530042188108,crystal,esmfold2,ESM
8k33_H_G,99.59231694088298,crystal,esmfold2,ESM
8k33_I_A,99.59058446801625,crystal,esmfold2,ESM
8k33_I_B,99.55914313780563,crystal,esmfold2,ESM
8k33_I_C,99.61550417120512,crystal,esmfold2,ESM
8k33_I_D,99.54092092175112,crystal,esmfold2,ESM
8k33_I_E,99.61317776455942,crystal,esmfold2,ESM
8k3a_H_A,99.22515119093968,crystal,esmfold2,ESM
8k3l_H_A,99.4141062733658,crystal,esmfold2,ESM
8k3l_H_B,99.32208108566228,crystal,esmfold2,ESM
8k3l_H_C,98.89054130710284,crystal,esmfold2,ESM
8k3l_H_D,99.35244068009104,crystal,esmfold2,ESM
8k4q_H_A,96.40722341288544,crystal,esmfold2,ESM
8kae_H_A,70.72364462818318,crystal,esmfold2,ESM
8odx_H_A,90.74459719069698,crystal,esmfold2,ESM
8owt_H_A,97.60374407416568,crystal,esmfold2,ESM
8owt_H_B,97.58030677246067,crystal,esmfold2,ESM
8owt_H_C,98.56244095885872,crystal,esmfold2,ESM
8owt_H_D,98.49299422219477,crystal,esmfold2,ESM
8owv_H_A,97.27693082269111,crystal,esmfold2,ESM
8ozb_H_A,96.23363105316528,crystal,esmfold2,ESM
8ozb_H_B,96.00641133636036,crystal,esmfold2,ESM
8pih_H_A,90.25523454690612,crystal,esmfold2,ESM
8pih_H_B,95.297467784613,crystal,esmfold2,ESM
8pkc_H_A,96.26008041771752,crystal,esmfold2,ESM
8pkc_H_B,97.33690347452884,crystal,esmfold2,ESM
8q7s_H_A,96.20216772472048,crystal,esmfold2,ESM
8q7s_H_B,98.73524492294456,crystal,esmfold2,ESM
8q7s_H_C,98.64329330204774,crystal,esmfold2,ESM
8q7s_H_D,98.39162215599713,crystal,esmfold2,ESM
8q7s_H_E,98.33869161000696,crystal,esmfold2,ESM
8q7s_H_F,97.6477305064878,crystal,esmfold2,ESM
8q93_H_A,92.72661499275812,crystal,esmfold2,ESM
8q93_H_B,92.43050451996147,crystal,esmfold2,ESM
8q94_H_A,94.71245115450208,crystal,esmfold2,ESM
8q94_H_B,94.15125573942876,crystal,esmfold2,ESM
8q95_H_A,92.9604283708525,crystal,esmfold2,ESM
8q95_H_B,90.5755667733436,crystal,esmfold2,ESM
8qf3_H_A,27.897225643102217,crystal,esmfold2,ESM
8qf3_H_B,27.21318728040296,crystal,esmfold2,ESM
8qf5_H_A,42.72372635254888,crystal,esmfold2,ESM
8qf5_H_B,67.08570475635926,crystal,esmfold2,ESM
8qgx_H_A,99.45092035584425,crystal,esmfold2,ESM
8qj2_H_A,89.38824823311438,crystal,esmfold2,ESM
8qot_H_A,72.52460865581234,crystal,esmfold2,ESM
8r61_H_A,96.4452774750261,crystal,esmfold2,ESM
8r61_H_B,95.83031984077392,crystal,esmfold2,ESM
8r61_H_C,96.78602795430692,crystal,esmfold2,ESM
8r61_H_D,96.8066654266979,crystal,esmfold2,ESM
8r61_H_E,97.12105394344404,crystal,esmfold2,ESM
8r61_H_F,96.59372586572992,crystal,esmfold2,ESM
8r80_H_A,98.51930626775956,crystal,esmfold2,ESM
8r80_H_B,97.42685885569826,crystal,esmfold2,ESM
8rby_H_A,97.3948587417436,crystal,esmfold2,ESM
8rcq_H_A,47.32999016711073,crystal,esmfold2,ESM
8rj7_H_A,98.17801527821416,crystal,esmfold2,ESM
8rj7_H_B,98.05111043788,crystal,esmfold2,ESM
8rj7_H_C,98.76348447548872,crystal,esmfold2,ESM
8rj7_H_D,97.09915546459588,crystal,esmfold2,ESM
8rj7_H_E,97.66960645926012,crystal,esmfold2,ESM
8rmm_H_A,68.91068610511911,crystal,esmfold2,ESM
8rqf_H_A,84.77012103707374,crystal,esmfold2,ESM
8rwf_H_A,83.89714543484581,crystal,esmfold2,ESM
8rwf_H_B,83.84239622684755,crystal,esmfold2,ESM
8rwf_H_C,85.76726885563701,crystal,esmfold2,ESM
8sk5_H_A,98.39951739925972,crystal,esmfold2,ESM
8t58_H_A,49.35453053514832,crystal,esmfold2,ESM
8t58_H_B,86.61933459385223,crystal,esmfold2,ESM
8t9y_H_A,47.14710048659341,crystal,esmfold2,ESM
8tb7_H_A,86.24181831393724,crystal,esmfold2,ESM
8tgz_H_A,50.48172978777221,crystal,esmfold2,ESM
8tii_H_A,73.67934883945618,crystal,esmfold2,ESM
8u3s_H_A,97.08134657161106,crystal,esmfold2,ESM
8u4v_H_A,74.43146346548075,crystal,esmfold2,ESM
8u9y_H_A,66.56890690712895,crystal,esmfold2,ESM
8uoa_H_A,88.366945242193,crystal,esmfold2,ESM
8w90_H_A,91.33029918644134,crystal,esmfold2,ESM
8w90_H_B,95.17680680071096,crystal,esmfold2,ESM
8w90_H_C,93.6851193255587,crystal,esmfold2,ESM
8wnp_H_A,68.04646460448225,crystal,esmfold2,ESM
8wnp_H_B,63.31840687833942,crystal,esmfold2,ESM
8wnu_H_A,72.51741660129663,crystal,esmfold2,ESM
8wnu_H_B,74.92779107952634,crystal,esmfold2,ESM
8wo4_H_A,71.44423843682532,crystal,esmfold2,ESM
8wo4_H_B,73.85748440968499,crystal,esmfold2,ESM
8x7n_H_A,95.15266534645934,crystal,esmfold2,ESM
8x7n_H_B,95.35641435124516,crystal,esmfold2,ESM
8x7n_H_C,94.87370844328574,crystal,esmfold2,ESM
8x7n_H_D,95.0017720635577,crystal,esmfold2,ESM
8x7n_H_E,94.9086204777221,crystal,esmfold2,ESM
8xk2_H_A,95.71744602498823,crystal,esmfold2,ESM
8xk2_H_B,95.01419294022628,crystal,esmfold2,ESM
8xk2_H_C,96.24268282958288,crystal,esmfold2,ESM
8xk2_H_D,89.29598246637251,crystal,esmfold2,ESM
8xld_H_A,98.62239621377424,crystal,esmfold2,ESM
8xvj_H_A,73.02131476509342,crystal,esmfold2,ESM
8xvk_H_A,64.84122114134286,crystal,esmfold2,ESM
8xvl_H_A,70.81808474274624,crystal,esmfold2,ESM
8ybl_H_A,98.55620238736488,crystal,esmfold2,ESM
8ybm_H_A,98.37912734348126,crystal,esmfold2,ESM
8ybm_H_B,98.01156056001548,crystal,esmfold2,ESM
8ybn_H_A,95.3345304540294,crystal,esmfold2,ESM
8ybo_H_A,98.71203891979816,crystal,esmfold2,ESM
8ybo_H_B,98.85073027827728,crystal,esmfold2,ESM
8ybp_H_A,97.02127153285802,crystal,esmfold2,ESM
8yns_H_A,65.94757018754692,crystal,esmfold2,ESM
8ynt_H_A,71.65120828384237,crystal,esmfold2,ESM
8ysf_H_A,95.92280788848818,crystal,esmfold2,ESM
8ysf_H_B,95.58478841291654,crystal,esmfold2,ESM
8ysh_H_A,97.10036554148172,crystal,esmfold2,ESM
8yw6_H_A,30.47186421602322,crystal,esmfold2,ESM
8yw8_H_A,47.47599462299021,crystal,esmfold2,ESM
8z8l_H_A,92.93510107643014,crystal,esmfold2,ESM
8zbb_H_A,82.98619408842012,crystal,esmfold2,ESM
8zer_H_A,98.41338737059952,crystal,esmfold2,ESM
8zer_H_B,98.90041395786972,crystal,esmfold2,ESM
8zer_H_C,98.7593378463506,crystal,esmfold2,ESM
8zer_H_D,98.6589213316154,crystal,esmfold2,ESM
8zer_H_E,98.64320165110352,crystal,esmfold2,ESM
8zes_H_A,98.7094659145942,crystal,esmfold2,ESM
8zes_H_B,98.6377310461886,crystal,esmfold2,ESM
8zes_H_C,98.32775246501072,crystal,esmfold2,ESM
8zes_H_D,98.62206619483295,crystal,esmfold2,ESM
8zes_H_E,98.64203151198136,crystal,esmfold2,ESM
8zrd_H_A,98.29442200774372,crystal,esmfold2,ESM
8zrd_H_B,91.5736677275746,crystal,esmfold2,ESM
9b2c_H_A,66.56236469787503,crystal,esmfold2,ESM
9bei_H_A,62.95001489289752,crystal,esmfold2,ESM
9cmi_H_A,74.91642382451231,crystal,esmfold2,ESM
9co7_H_A,93.69385259922232,crystal,esmfold2,ESM
9co9_H_A,93.24564163368004,crystal,esmfold2,ESM
9d3e_H_A,63.20632360894888,crystal,esmfold2,ESM
9d3g_H_A,69.78722845273701,crystal,esmfold2,ESM
9dpe_H_A,74.88239673553139,crystal,esmfold2,ESM
9ee5_H_A,66.59915049193832,crystal,esmfold2,ESM
9ehs_H_A,68.8088012190206,crystal,esmfold2,ESM
9ei5_H_A,68.80714722246597,crystal,esmfold2,ESM
9ekh_H_A,67.77455790557288,crystal,esmfold2,ESM
9ert_H_A,94.5720427296315,crystal,esmfold2,ESM
9eru_H_A,92.2507147966386,crystal,esmfold2,ESM
9eru_H_B,94.36291804609186,crystal,esmfold2,ESM
9eru_H_C,95.7929004156558,crystal,esmfold2,ESM
9eru_H_D,95.39714335248487,crystal,esmfold2,ESM
9erw_H_A,93.0710854295917,crystal,esmfold2,ESM
9etl_H_A,96.14110980259817,crystal,esmfold2,ESM
9etl_H_B,96.0876005646788,crystal,esmfold2,ESM
9ezi_H_A,98.55614196876786,crystal,esmfold2,ESM
9ezu_H_A,97.7240608155333,crystal,esmfold2,ESM
9ezw_H_A,98.42009268945274,crystal,esmfold2,ESM
9fww_H_A,98.10463458475692,crystal,esmfold2,ESM
9fzc_H_A,88.10790196977601,crystal,esmfold2,ESM
9fzc_H_B,87.96212102065432,crystal,esmfold2,ESM
9fzd_H_A,87.59919408561193,crystal,esmfold2,ESM
9g4g_H_A,91.96392234440228,crystal,esmfold2,ESM
9g5l_H_A,94.25442433251808,crystal,esmfold2,ESM
9g5z_H_A,96.03014460608549,crystal,esmfold2,ESM
9gcn_H_A,93.26566445022011,crystal,esmfold2,ESM
9gcn_H_B,93.5246621146597,crystal,esmfold2,ESM
9gcn_H_C,94.38605975657627,crystal,esmfold2,ESM
9gcn_H_D,93.19428651584624,crystal,esmfold2,ESM
9glz_H_A,93.31371803653704,crystal,esmfold2,ESM
9glz_H_B,95.98321332422462,crystal,esmfold2,ESM
9h1f_H_A,95.93059879185994,crystal,esmfold2,ESM
9hap_H_A,72.47887325147877,crystal,esmfold2,ESM
9hb3_H_A,71.80853628026813,crystal,esmfold2,ESM
9hll_H_A,98.73290642556849,crystal,esmfold2,ESM
9hml_H_A,78.32168344331924,crystal,esmfold2,ESM
9ho4_H_A,99.19845816178866,crystal,esmfold2,ESM
9ho5_H_A,98.3017502508107,crystal,esmfold2,ESM
9ho6_H_A,98.55874462132036,crystal,esmfold2,ESM
9ho6_H_B,98.59769871169752,crystal,esmfold2,ESM
9imx_H_A,95.8738368878127,crystal,esmfold2,ESM
9imx_H_B,96.36364199263556,crystal,esmfold2,ESM
9imx_H_C,95.60769594298884,crystal,esmfold2,ESM
9imx_H_D,96.4996164616568,crystal,esmfold2,ESM
9isf_H_A,79.10847431029444,crystal,esmfold2,ESM
9iya_H_A,81.63324332355727,crystal,esmfold2,ESM
9j7y_H_A,93.9754253675983,crystal,esmfold2,ESM
9j9z_H_A,87.95177863966677,crystal,esmfold2,ESM
9jfu_H_A,70.56835100193582,crystal,esmfold2,ESM
9jg0_H_A,67.853702771985,crystal,esmfold2,ESM
9jo9_H_A,98.64485558290272,crystal,esmfold2,ESM
9jo9_H_B,98.53761452020912,crystal,esmfold2,ESM
9jo9_H_C,98.50089959384664,crystal,esmfold2,ESM
9jo9_H_D,98.35646397486984,crystal,esmfold2,ESM
9jo9_H_E,98.71571246703536,crystal,esmfold2,ESM
9jo9_H_F,98.83139383580884,crystal,esmfold2,ESM
9jo9_H_G,98.66952070956113,crystal,esmfold2,ESM
9jo9_I_A,98.44212639112476,crystal,esmfold2,ESM
9jo9_I_B,98.67886611109854,crystal,esmfold2,ESM
9jo9_I_C,98.72656414104806,crystal,esmfold2,ESM
9jqt_H_A,97.65395613721712,crystal,esmfold2,ESM
9jro_H_A,77.80756776334607,crystal,esmfold2,ESM
9jrt_H_A,67.94369244286432,crystal,esmfold2,ESM
9k94_H_A,98.25288948782678,crystal,esmfold2,ESM
9k94_H_B,98.2620788420643,crystal,esmfold2,ESM
9k94_H_C,98.22500383792988,crystal,esmfold2,ESM
9k94_H_D,98.23218305938758,crystal,esmfold2,ESM
9k94_H_E,98.2202789338453,crystal,esmfold2,ESM
9knw_H_A,50.30360211777716,crystal,esmfold2,ESM
9knx_H_A,45.73009255741591,crystal,esmfold2,ESM
9kny_H_A,49.06684684818302,crystal,esmfold2,ESM
9l9o_H_A,68.24006719000674,crystal,esmfold2,ESM
9lh2_H_A,97.62833500054973,crystal,esmfold2,ESM
9lh2_H_B,98.6638360497263,crystal,esmfold2,ESM
9lmo_H_A,66.43157265942749,crystal,esmfold2,ESM
9lvb_H_A,68.45349123693612,crystal,esmfold2,ESM
9m5d_H_A,95.89201354389144,crystal,esmfold2,ESM
9min_H_A,96.26965653573968,crystal,esmfold2,ESM
9my8_H_A,90.22711801676904,crystal,esmfold2,ESM
9nn9_H_A,95.31057859506475,crystal,esmfold2,ESM
9nn9_H_B,96.67129271435648,crystal,esmfold2,ESM
9npt_H_A,18.440670548520504,crystal,esmfold2,ESM
9npt_H_B,18.130633893066715,crystal,esmfold2,ESM
9npt_H_C,18.1671976043156,crystal,esmfold2,ESM
9o5s_H_A,97.2861281873665,crystal,esmfold2,ESM
9o5s_H_B,97.55954437225547,crystal,esmfold2,ESM
9obn_H_A,92.80864450052177,crystal,esmfold2,ESM
9obn_H_B,94.29128865457808,crystal,esmfold2,ESM
9opr_H_A,95.31022681088668,crystal,esmfold2,ESM
9pee_H_A,71.70372506075368,crystal,esmfold2,ESM
9pkv_H_A,94.2201577735764,crystal,esmfold2,ESM
9pxu_H_A,75.95250310182409,crystal,esmfold2,ESM
9qqs_H_A,40.17493191249354,crystal,esmfold2,ESM
9qt3_H_A,98.7148527254696,crystal,esmfold2,ESM
9qt3_H_B,97.53058741486312,crystal,esmfold2,ESM
9qt3_H_C,98.58695753805972,crystal,esmfold2,ESM
9qt3_H_D,98.24135364893198,crystal,esmfold2,ESM
9qty_H_A,34.117103850573685,crystal,esmfold2,ESM
9rma_H_A,95.6632729592272,crystal,esmfold2,ESM
9rn6_H_A,93.23815166145256,crystal,esmfold2,ESM
9rn6_H_B,86.49668594791449,crystal,esmfold2,ESM
9rsj_H_A,67.36473284552056,crystal,esmfold2,ESM
9shd_H_A,67.06528384055179,crystal,esmfold2,ESM
9t9m_H_A,74.52715948152755,crystal,esmfold2,ESM
9ulm_H_A,85.6171437493219,crystal,esmfold2,ESM
9ulm_H_B,80.53138774816361,crystal,esmfold2,ESM
9uln_H_A,91.81703944461812,crystal,esmfold2,ESM
9uoc_H_A,96.4155824168155,crystal,esmfold2,ESM
9uoc_H_B,96.0128578949934,crystal,esmfold2,ESM
9uoc_H_C,96.34861501873216,crystal,esmfold2,ESM
9uoc_H_D,91.72264962991294,crystal,esmfold2,ESM
9uoi_H_A,98.14435371279995,crystal,esmfold2,ESM
9uuf_H_A,92.65000062906353,crystal,esmfold2,ESM
9uuf_H_B,85.17556812581083,crystal,esmfold2,ESM
9v0o_H_A,93.85206045465335,crystal,esmfold2,ESM
9v0o_H_B,93.89239288831742,crystal,esmfold2,ESM
9v0o_H_C,93.6317369564262,crystal,esmfold2,ESM
9v0o_H_D,92.70892423139004,crystal,esmfold2,ESM
9wpi_H_A,98.27671255065609,crystal,esmfold2,ESM
9xzx_H_A,88.43486332868481,crystal,esmfold2,ESM
9xzx_H_B,91.27934702378808,crystal,esmfold2,ESM
9yc3_H_A,79.1756212406778,crystal,esmfold2,ESM
9yfu_H_A,70.56113433762742,crystal,esmfold2,ESM
9ytd_H_A,97.20144372888592,crystal,esmfold2,ESM
9ytf_H_A,97.97840143252468,crystal,esmfold2,ESM
9yxd_H_A,95.92094227342946,crystal,esmfold2,ESM
9z3j_H_A,94.82130158248052,crystal,esmfold2,ESM
9zg5_H_A,98.3359085233546,crystal,esmfold2,ESM
9zg5_H_B,96.34646959337252,crystal,esmfold2,ESM
9zg5_H_C,96.34360653304888,crystal,esmfold2,ESM
9zg5_H_D,96.27751781327952,crystal,esmfold2,ESM
10zo_H_A,93.74815377743654,crystal,opendde,OpenDDE
10zo_H_B,96.40916272535802,crystal,opendde,OpenDDE
11ol_H_A,92.8866144770474,crystal,opendde,OpenDDE
11oo_H_A,94.4707097860578,crystal,opendde,OpenDDE
11oq_H_A,96.22355101668582,crystal,opendde,OpenDDE
11or_H_A,93.5098964382718,crystal,opendde,OpenDDE
11ou_H_A,96.3296616380738,crystal,opendde,OpenDDE
11zw_H_A,93.14739454153025,crystal,opendde,OpenDDE
1bzq_H_A,99.26011742777372,crystal,opendde,OpenDDE
1bzq_H_B,99.04377016363064,crystal,opendde,OpenDDE
1bzq_H_C,99.32249370384991,crystal,opendde,OpenDDE
1bzq_H_D,99.25681996094328,crystal,opendde,OpenDDE
1jto_H_A,99.15569689417065,crystal,opendde,OpenDDE
1jto_H_B,98.60518705414928,crystal,opendde,OpenDDE
1mel_H_A,99.09022123107913,crystal,opendde,OpenDDE
1mel_H_B,98.97911698811131,crystal,opendde,OpenDDE
1op9_H_A,98.86742245571314,crystal,opendde,OpenDDE
1zmy_H_A,98.44391825115292,crystal,opendde,OpenDDE
1zvh_H_A,97.63973090628522,crystal,opendde,OpenDDE
1zvy_H_A,99.42277053910544,crystal,opendde,OpenDDE
2p42_H_A,98.03291870698231,crystal,opendde,OpenDDE
2p42_H_B,98.96834829825104,crystal,opendde,OpenDDE
2p43_H_A,97.09902736086268,crystal,opendde,OpenDDE
2p44_H_A,96.2259923671292,crystal,opendde,OpenDDE
2p45_H_A,99.25040380705973,crystal,opendde,OpenDDE
2p47_H_A,98.3771177882256,crystal,opendde,OpenDDE
2p49_H_A,95.92545648680245,crystal,opendde,OpenDDE
2p4a_H_A,99.4459116463878,crystal,opendde,OpenDDE
2p4a_H_B,99.57654169366248,crystal,opendde,OpenDDE
2vyr_H_A,12.303302005596624,crystal,opendde,OpenDDE
2vyr_H_C,96.51300208791022,crystal,opendde,OpenDDE
2vyr_H_D,98.36022558245338,crystal,opendde,OpenDDE
2xv6_H_A,96.35589954700754,crystal,opendde,OpenDDE
2xv6_H_B,93.8735886471509,crystal,opendde,OpenDDE
3cfi_H_A,89.84396381597702,crystal,opendde,OpenDDE
3cfi_H_B,89.06800188686988,crystal,opendde,OpenDDE
3cfi_H_C,87.11866287267233,crystal,opendde,OpenDDE
3cfi_H_D,87.43661073021929,crystal,opendde,OpenDDE
3g9a_H_A,99.627396096664,crystal,opendde,OpenDDE
3k1k_H_A,96.60419533455745,crystal,opendde,OpenDDE
3k1k_H_B,96.22229078856228,crystal,opendde,OpenDDE
3k74_H_A,98.03947943213588,crystal,opendde,OpenDDE
3k7u_H_A,86.42739856384003,crystal,opendde,OpenDDE
3k80_H_A,87.79095146667947,crystal,opendde,OpenDDE
3k80_H_B,87.52573555380268,crystal,opendde,OpenDDE
3ogo_H_A,99.42662473121182,crystal,opendde,OpenDDE
3p9w_H_A,92.0380301579054,crystal,opendde,OpenDDE
3p9w_H_B,92.17363226949746,crystal,opendde,OpenDDE
3p9w_H_C,95.19404818994498,crystal,opendde,OpenDDE
3p9w_H_D,94.1942248354915,crystal,opendde,OpenDDE
3qsk_H_A,97.03232708514078,crystal,opendde,OpenDDE
3zhd_H_A,92.43107376440445,crystal,opendde,OpenDDE
4dk3_H_A,88.3158267433745,crystal,opendde,OpenDDE
4dk3_H_B,31.17755104482613,crystal,opendde,OpenDDE
4dk6_H_A,67.80940273986045,crystal,opendde,OpenDDE
4dk6_H_B,85.23040151996268,crystal,opendde,OpenDDE
4eig_H_A,97.28512494876456,crystal,opendde,OpenDDE
4eiz_H_A,98.6812519293835,crystal,opendde,OpenDDE
4eiz_H_B,96.86976303801067,crystal,opendde,OpenDDE
4ej1_H_A,98.81727158765808,crystal,opendde,OpenDDE
4ej1_H_B,98.8708088228666,crystal,opendde,OpenDDE
4fhb_H_A,98.51112521470378,crystal,opendde,OpenDDE
4hep_H_A,80.80542065746639,crystal,opendde,OpenDDE
4ios_H_A,97.9510846997935,crystal,opendde,OpenDDE
4kml_H_A,89.35041358157184,crystal,opendde,OpenDDE
4n9o_H_A,89.48327192401536,crystal,opendde,OpenDDE
4nbx_H_A,95.2762071524821,crystal,opendde,OpenDDE
4nby_H_A,97.7789005345388,crystal,opendde,OpenDDE
4nby_H_B,93.53326859904618,crystal,opendde,OpenDDE
4nbz_H_A,97.69652432157602,crystal,opendde,OpenDDE
4nbz_H_B,97.41493700348444,crystal,opendde,OpenDDE
4nc0_H_A,96.95289244229603,crystal,opendde,OpenDDE
4nc1_H_A,93.236052965819,crystal,opendde,OpenDDE
4nc1_H_B,94.30810568977564,crystal,opendde,OpenDDE
4nc1_H_C,95.27977467297345,crystal,opendde,OpenDDE
4nc1_H_D,97.20824616671766,crystal,opendde,OpenDDE
4nc2_H_A,90.18897069048928,crystal,opendde,OpenDDE
4orz_H_A,83.27320503010354,crystal,opendde,OpenDDE
4pgj_H_A,98.3308822300761,crystal,opendde,OpenDDE
4pgj_H_B,98.4975466990281,crystal,opendde,OpenDDE
4pou_H_A,94.560110635766,crystal,opendde,OpenDDE
4qo1_H_A,98.98514314721882,crystal,opendde,OpenDDE
4s10_H_A,97.77971759284551,crystal,opendde,OpenDDE
4s10_H_B,97.17389676785912,crystal,opendde,OpenDDE
4u3x_H_A,98.58328233370636,crystal,opendde,OpenDDE
4u3x_H_B,98.5742108508526,crystal,opendde,OpenDDE
4w2q_H_A,82.50023594714467,crystal,opendde,OpenDDE
4w2q_H_B,93.56913555019656,crystal,opendde,OpenDDE
4w2q_H_C,76.83909435712424,crystal,opendde,OpenDDE
4w2q_H_D,94.08738900627156,crystal,opendde,OpenDDE
4w6w_H_A,97.89619050397354,crystal,opendde,OpenDDE
4w6x_H_A,98.58649195121116,crystal,opendde,OpenDDE
4weu_H_A,90.15487927650088,crystal,opendde,OpenDDE
4weu_H_B,98.0774095272884,crystal,opendde,OpenDDE
4y7m_H_A,97.81300368023636,crystal,opendde,OpenDDE
4y7m_H_B,97.14522194718693,crystal,opendde,OpenDDE
5bop_H_A,30.91675058404461,crystal,opendde,OpenDDE
5bop_H_B,36.567272483959655,crystal,opendde,OpenDDE
5c2u_H_A,38.83047806795295,crystal,opendde,OpenDDE
5dmj_H_A,42.60052293390855,crystal,opendde,OpenDDE
5dmj_H_B,36.320587712281736,crystal,opendde,OpenDDE
5dmj_H_C,42.169637558960304,crystal,opendde,OpenDDE
5e0q_H_A,96.87754196369684,crystal,opendde,OpenDDE
5e5m_H_A,98.734963647426,crystal,opendde,OpenDDE
5e5m_H_B,96.72774110756328,crystal,opendde,OpenDDE
5e5m_H_C,96.5982291657004,crystal,opendde,OpenDDE
5e5m_H_D,95.50369592038508,crystal,opendde,OpenDDE
5f1k_H_A,98.19547890310504,crystal,opendde,OpenDDE
5f1k_H_B,99.01584040630706,crystal,opendde,OpenDDE
5f1o_H_A,98.338156855533,crystal,opendde,OpenDDE
5fv2_H_A,91.0868156190391,crystal,opendde,OpenDDE
5fv2_H_B,93.7408912836308,crystal,opendde,OpenDDE
5fv2_H_C,94.08520371648488,crystal,opendde,OpenDDE
5g5r_H_A,93.0298844931309,crystal,opendde,OpenDDE
5g5x_H_A,93.99438453065176,crystal,opendde,OpenDDE
5h8o_H_A,61.08108975403495,crystal,opendde,OpenDDE
5ihl_H_A,44.87070724671505,crystal,opendde,OpenDDE
5ihl_H_B,36.70015008498002,crystal,opendde,OpenDDE
5imk_H_A,95.50804960479178,crystal,opendde,OpenDDE
5iml_H_A,97.53152511432972,crystal,opendde,OpenDDE
5ip4_H_A,79.98849359312263,crystal,opendde,OpenDDE
5ip4_H_B,81.32163489650614,crystal,opendde,OpenDDE
5ja8_H_A,86.54154187863185,crystal,opendde,OpenDDE
5lhr_H_A,98.45245347385116,crystal,opendde,OpenDDE
5m2m_H_A,97.3485685351191,crystal,opendde,OpenDDE
5m2m_H_B,96.71225765174984,crystal,opendde,OpenDDE
5m2m_H_C,97.15431584719076,crystal,opendde,OpenDDE
5m2m_H_D,96.37212721124484,crystal,opendde,OpenDDE
5m2m_H_E,97.1011310019634,crystal,opendde,OpenDDE
5m2m_H_F,95.14862981855283,crystal,opendde,OpenDDE
5mp2_H_A,15.912998290376414,crystal,opendde,OpenDDE
5mp2_H_B,17.388017860268356,crystal,opendde,OpenDDE
5n88_H_A,93.7808334488181,crystal,opendde,OpenDDE
5n88_H_B,96.60659626610386,crystal,opendde,OpenDDE
5o2u_H_A,95.81999710255222,crystal,opendde,OpenDDE
5o2u_H_B,93.52537481710188,crystal,opendde,OpenDDE
5ocl_H_A,82.9099352997671,crystal,opendde,OpenDDE
5ocl_H_B,97.81246486462624,crystal,opendde,OpenDDE
5ocl_H_C,91.98869682427998,crystal,opendde,OpenDDE
5ocl_H_D,96.34343911722286,crystal,opendde,OpenDDE
5ocl_H_E,95.09783919578815,crystal,opendde,OpenDDE
5ocl_H_F,95.10276557516552,crystal,opendde,OpenDDE
5ocl_H_G,98.70579593217774,crystal,opendde,OpenDDE
5ocl_I_A,79.12692315556995,crystal,opendde,OpenDDE
5ovw_H_A,98.3869673708593,crystal,opendde,OpenDDE
5sv3_H_A,97.33723405402786,crystal,opendde,OpenDDE
5sv3_H_B,97.14548596088292,crystal,opendde,OpenDDE
5vxm_H_A,80.76603335514362,crystal,opendde,OpenDDE
6app_H_A,97.7745532764779,crystal,opendde,OpenDDE
6c5w_H_A,53.6118811966293,crystal,opendde,OpenDDE
6dbf_H_A,99.44124755276566,crystal,opendde,OpenDDE
6ey0_H_A,89.8382196574588,crystal,opendde,OpenDDE
6ey0_H_B,91.01150225091426,crystal,opendde,OpenDDE
6ey0_H_C,91.6534087949308,crystal,opendde,OpenDDE
6ey0_H_D,91.37335119423965,crystal,opendde,OpenDDE
6gjq_H_A,94.32404153682576,crystal,opendde,OpenDDE
6gjq_H_B,93.96732929997695,crystal,opendde,OpenDDE
6gjq_H_C,94.77200660608771,crystal,opendde,OpenDDE
6gjq_H_D,94.34847522893963,crystal,opendde,OpenDDE
6gjs_H_A,94.94336505786538,crystal,opendde,OpenDDE
6gjs_H_B,96.6113877147646,crystal,opendde,OpenDDE
6gju_H_A,90.36904420126903,crystal,opendde,OpenDDE
6gju_H_B,89.61693147153484,crystal,opendde,OpenDDE
6gk4_H_A,97.91941529360314,crystal,opendde,OpenDDE
6gk4_H_B,96.36841878013672,crystal,opendde,OpenDDE
6ir1_H_A,98.81895003830004,crystal,opendde,OpenDDE
6ir2_H_A,99.07938679852042,crystal,opendde,OpenDDE
6jri_H_A,88.70817473091459,crystal,opendde,OpenDDE
6jri_H_B,90.63453935981146,crystal,opendde,OpenDDE
6jri_H_C,91.39573689591144,crystal,opendde,OpenDDE
6jri_H_D,90.53191970116484,crystal,opendde,OpenDDE
6lr7_H_A,95.07915716604168,crystal,opendde,OpenDDE
6r7t_H_A,88.67453149915664,crystal,opendde,OpenDDE
6rpj_H_A,94.2477234151627,crystal,opendde,OpenDDE
6rpj_H_D,94.8045995074758,crystal,opendde,OpenDDE
6rqm_H_A,73.02042303600295,crystal,opendde,OpenDDE
6rvc_H_A,76.47474749122563,crystal,opendde,OpenDDE
6rvc_H_B,77.62792076591099,crystal,opendde,OpenDDE
6rvc_H_C,77.9429108160485,crystal,opendde,OpenDDE
6u12_H_A,99.35538271862356,crystal,opendde,OpenDDE
6u54_H_A,81.00936822566646,crystal,opendde,OpenDDE
6u55_H_A,83.97698283451084,crystal,opendde,OpenDDE
6waq_H_A,90.03514040849619,crystal,opendde,OpenDDE
6war_H_A,97.81216532240668,crystal,opendde,OpenDDE
6war_H_B,98.20583871627063,crystal,opendde,OpenDDE
6war_H_C,98.04315926394554,crystal,opendde,OpenDDE
6war_H_D,97.86562976634347,crystal,opendde,OpenDDE
6war_H_E,98.0340270161843,crystal,opendde,OpenDDE
6war_H_F,98.23641259699164,crystal,opendde,OpenDDE
6war_H_G,98.04526057952974,crystal,opendde,OpenDDE
6war_I_A,97.79763126875196,crystal,opendde,OpenDDE
6ww2_H_A,73.97711370303085,crystal,opendde,OpenDDE
6xzu_H_A,95.03930361134088,crystal,opendde,OpenDDE
6y1r_H_A,74.92112281373096,crystal,opendde,OpenDDE
6yz7_H_A,98.20700389697552,crystal,opendde,OpenDDE
6yz7_H_B,98.25186311250656,crystal,opendde,OpenDDE
6z2m_H_A,97.17706382813655,crystal,opendde,OpenDDE
6z2m_H_B,98.49702097437356,crystal,opendde,OpenDDE
6zcz_H_A,98.00655987101712,crystal,opendde,OpenDDE
6zh9_H_A,98.41155757445564,crystal,opendde,OpenDDE
7aej_H_A,14.729880281314136,crystal,opendde,OpenDDE
7anq_H_A,94.13818839095744,crystal,opendde,OpenDDE
7azb_H_A,98.71899015581748,crystal,opendde,OpenDDE
7b14_H_A,93.83028897533283,crystal,opendde,OpenDDE
7b27_H_A,93.40825058857412,crystal,opendde,OpenDDE
7b27_H_B,98.13327964892414,crystal,opendde,OpenDDE
7b5g_H_A,93.43343727756604,crystal,opendde,OpenDDE
7b5g_H_B,92.3664957143341,crystal,opendde,OpenDDE
7b5g_H_C,93.76985187505528,crystal,opendde,OpenDDE
7b5g_H_D,95.76047832931222,crystal,opendde,OpenDDE
7c8w_H_A,97.21937974802408,crystal,opendde,OpenDDE
7can_H_A,96.63692546215368,crystal,opendde,OpenDDE
7cz0_H_A,99.07774960425265,crystal,opendde,OpenDDE
7cz0_H_B,98.97957299283692,crystal,opendde,OpenDDE
7cz0_H_C,98.9564440142898,crystal,opendde,OpenDDE
7cz0_H_D,99.1079305516597,crystal,opendde,OpenDDE
7czd_H_A,98.05215980427636,crystal,opendde,OpenDDE
7d6y_H_A,97.292010851667,crystal,opendde,OpenDDE
7d8b_H_A,96.85033422996932,crystal,opendde,OpenDDE
7d8b_H_B,96.9710419653163,crystal,opendde,OpenDDE
7dst_H_A,32.8986931721187,crystal,opendde,OpenDDE
7e53_H_A,99.33222048872396,crystal,opendde,OpenDDE
7eow_H_A,98.93914589406444,crystal,opendde,OpenDDE
7fat_H_A,92.85449359852616,crystal,opendde,OpenDDE
7fau_H_A,93.92150197415069,crystal,opendde,OpenDDE
7jhg_H_A,65.67976545801835,crystal,opendde,OpenDDE
7jhh_H_A,91.72846776135005,crystal,opendde,OpenDDE
7jkm_H_A,68.211864527753,crystal,opendde,OpenDDE
7kgj_H_A,98.8506863863046,crystal,opendde,OpenDDE
7kgk_H_A,98.41540433873014,crystal,opendde,OpenDDE
7klw_H_A,97.34437549314907,crystal,opendde,OpenDDE
7klw_H_B,97.03370216759524,crystal,opendde,OpenDDE
7km5_H_A,97.95058050498034,crystal,opendde,OpenDDE
7km5_H_B,97.8924470891487,crystal,opendde,OpenDDE
7kn5_H_A,99.02069183062468,crystal,opendde,OpenDDE
7kn5_H_B,98.71818790947708,crystal,opendde,OpenDDE
7kn6_H_A,96.60930531240464,crystal,opendde,OpenDDE
7kn7_H_A,96.70522656470428,crystal,opendde,OpenDDE
7ldj_H_A,97.69893796917292,crystal,opendde,OpenDDE
7ldj_H_B,97.44408877961789,crystal,opendde,OpenDDE
7ldj_H_C,95.0331923895152,crystal,opendde,OpenDDE
7ldj_H_D,94.57207200781224,crystal,opendde,OpenDDE
7lx5_H_A,96.9883220629036,crystal,opendde,OpenDDE
7lx5_H_B,97.05557718018385,crystal,opendde,OpenDDE
7m74_H_A,66.59039079654255,crystal,opendde,OpenDDE
7mdw_H_A,93.59141228602866,crystal,opendde,OpenDDE
7mdw_H_B,93.85266377947272,crystal,opendde,OpenDDE
7me7_H_A,88.64729904560538,crystal,opendde,OpenDDE
7me7_H_B,88.14632781363288,crystal,opendde,OpenDDE
7mej_H_A,85.14577652080995,crystal,opendde,OpenDDE
7mji_H_A,98.12410174466368,crystal,opendde,OpenDDE
7n0r_H_A,93.91783456350848,crystal,opendde,OpenDDE
7n0r_H_B,92.03042709029218,crystal,opendde,OpenDDE
7n9a_H_A,95.97771925957646,crystal,opendde,OpenDDE
7n9u_H_A,69.98255144243106,crystal,opendde,OpenDDE
7n9u_H_B,82.29048281055088,crystal,opendde,OpenDDE
7n9v_H_A,59.1279138455431,crystal,opendde,OpenDDE
7n9v_H_B,57.090415436260976,crystal,opendde,OpenDDE
7n9v_H_C,29.26577703687202,crystal,opendde,OpenDDE
7n9v_H_D,93.11423213453682,crystal,opendde,OpenDDE
7n9x_H_A,85.1325200219858,crystal,opendde,OpenDDE
7n9x_H_B,83.13109545198839,crystal,opendde,OpenDDE
7n9x_H_C,82.58729616840111,crystal,opendde,OpenDDE
7ndf_H_A,84.54283819842021,crystal,opendde,OpenDDE
7ndf_H_B,83.47258435927397,crystal,opendde,OpenDDE
7nll_H_A,98.44219330475724,crystal,opendde,OpenDDE
7nll_H_B,98.243674076684,crystal,opendde,OpenDDE
7nmu_H_A,35.99808329036015,crystal,opendde,OpenDDE
7nmu_H_B,36.56445584224151,crystal,opendde,OpenDDE
7now_H_A,97.22514389300883,crystal,opendde,OpenDDE
7now_H_B,98.13304210186554,crystal,opendde,OpenDDE
7nvo_H_A,95.23270387273458,crystal,opendde,OpenDDE
7nvo_H_B,95.029774237626,crystal,opendde,OpenDDE
7nxx_H_A,98.9102436606002,crystal,opendde,OpenDDE
7o06_H_A,89.89101834589854,crystal,opendde,OpenDDE
7o0s_H_A,91.81475107405936,crystal,opendde,OpenDDE
7o31_H_A,98.38510696779682,crystal,opendde,OpenDDE
7oao_H_A,98.11318155232657,crystal,opendde,OpenDDE
7oap_H_A,96.26804332024992,crystal,opendde,OpenDDE
7oaq_H_A,96.21586584342448,crystal,opendde,OpenDDE
7oau_H_A,98.92811176782232,crystal,opendde,OpenDDE
7oay_H_A,99.15541781404283,crystal,opendde,OpenDDE
7oay_H_B,98.61121441146824,crystal,opendde,OpenDDE
7oay_H_C,98.62985567545928,crystal,opendde,OpenDDE
7oay_H_D,98.66955018215916,crystal,opendde,OpenDDE
7oay_H_E,98.7162769083129,crystal,opendde,OpenDDE
7oay_H_F,98.284707510677,crystal,opendde,OpenDDE
7olz_H_A,95.00524845738836,crystal,opendde,OpenDDE
7ozt_H_A,96.5136393093212,crystal,opendde,OpenDDE
7php_H_A,94.93307992325632,crystal,opendde,OpenDDE
7phq_H_A,66.47126165950964,crystal,opendde,OpenDDE
7phq_H_B,64.21505210399427,crystal,opendde,OpenDDE
7pij_H_A,94.83731429288424,crystal,opendde,OpenDDE
7q3r_H_A,98.22203987349096,crystal,opendde,OpenDDE
7q6c_H_A,98.04616039361564,crystal,opendde,OpenDDE
7r1z_H_A,16.279487703614613,crystal,opendde,OpenDDE
7r1z_H_B,21.78631690916052,crystal,opendde,OpenDDE
7r23_H_A,15.80553197873162,crystal,opendde,OpenDDE
7r23_H_B,83.16941875675927,crystal,opendde,OpenDDE
7r24_H_A,57.31495184479501,crystal,opendde,OpenDDE
7r24_H_B,13.952256903128127,crystal,opendde,OpenDDE
7r98_H_A,95.0756650202235,crystal,opendde,OpenDDE
7r98_H_B,93.68719576506597,crystal,opendde,OpenDDE
7r98_H_C,94.30741610998832,crystal,opendde,OpenDDE
7rby_H_A,98.12191058842248,crystal,opendde,OpenDDE
7rby_H_B,98.4572711923416,crystal,opendde,OpenDDE
7saj_H_A,99.14659851265316,crystal,opendde,OpenDDE
7saj_H_B,99.11556842655996,crystal,opendde,OpenDDE
7saj_H_C,99.2355093479545,crystal,opendde,OpenDDE
7saj_H_D,99.01600902387716,crystal,opendde,OpenDDE
7saj_H_E,98.96241596294227,crystal,opendde,OpenDDE
7sak_H_A,92.63264681712523,crystal,opendde,OpenDDE
7sk5_H_A,70.1271314480847,crystal,opendde,OpenDDE
7sk7_H_A,98.84712624941456,crystal,opendde,OpenDDE
7tuy_H_A,69.68158044996639,crystal,opendde,OpenDDE
7vnb_H_A,85.64358898387694,crystal,opendde,OpenDDE
7voa_H_A,97.81590357848653,crystal,opendde,OpenDDE
7w1s_H_A,97.5239180476007,crystal,opendde,OpenDDE
7wd1_H_A,98.17680761366458,crystal,opendde,OpenDDE
7wd1_H_B,98.36849185759674,crystal,opendde,OpenDDE
7wki_H_A,91.78645730969144,crystal,opendde,OpenDDE
7wpd_H_A,76.83381754325667,crystal,opendde,OpenDDE
7wpe_H_A,83.32116854995161,crystal,opendde,OpenDDE
7wpe_H_B,78.31153490462668,crystal,opendde,OpenDDE
7wpf_H_A,80.64309482234576,crystal,opendde,OpenDDE
7wpf_H_B,79.62275630698262,crystal,opendde,OpenDDE
7wpf_H_C,76.25703669089819,crystal,opendde,OpenDDE
7x2j_H_A,98.71928916056476,crystal,opendde,OpenDDE
7x2k_H_A,99.24293571726956,crystal,opendde,OpenDDE
7x2m_H_A,98.08067860393297,crystal,opendde,OpenDDE
7x7d_H_A,96.67046377771136,crystal,opendde,OpenDDE
7x7d_H_B,97.9085899118591,crystal,opendde,OpenDDE
7x7d_H_C,96.52769397091676,crystal,opendde,OpenDDE
7x7e_H_A,98.370280190903,crystal,opendde,OpenDDE
7x7e_H_B,97.69929534490204,crystal,opendde,OpenDDE
7x7e_H_C,97.65406342743216,crystal,opendde,OpenDDE
7xod_H_A,69.82580317108254,crystal,opendde,OpenDDE
7xod_H_B,72.99394441500145,crystal,opendde,OpenDDE
7xod_H_C,77.11641777102423,crystal,opendde,OpenDDE
7xqv_H_A,98.48666066475212,crystal,opendde,OpenDDE
7xtp_H_A,96.4313396902036,crystal,opendde,OpenDDE
7xtp_H_B,96.51518380043106,crystal,opendde,OpenDDE
7y0o_H_A,93.13443850617509,crystal,opendde,OpenDDE
7yud_H_A,67.92156943526848,crystal,opendde,OpenDDE
7yuf_H_A,95.70573989520229,crystal,opendde,OpenDDE
7z1a_H_A,98.66334099078428,crystal,opendde,OpenDDE
7z1a_H_B,98.95870272635784,crystal,opendde,OpenDDE
7z1a_H_C,98.3560416205874,crystal,opendde,OpenDDE
7z1a_H_D,98.52066230731708,crystal,opendde,OpenDDE
7z1b_H_A,98.24243795877383,crystal,opendde,OpenDDE
7z1b_H_B,98.61491868731568,crystal,opendde,OpenDDE
7z1b_H_C,98.4053176584668,crystal,opendde,OpenDDE
7z1b_H_D,97.85235017342993,crystal,opendde,OpenDDE
7z1c_H_A,98.1686419929098,crystal,opendde,OpenDDE
7z1c_H_B,98.23133670199596,crystal,opendde,OpenDDE
7z1d_H_A,99.1661544392034,crystal,opendde,OpenDDE
7z1e_H_A,98.72116447673972,crystal,opendde,OpenDDE
7zf4_H_A,97.10537600952216,crystal,opendde,OpenDDE
7zfb_H_A,98.17046953414167,crystal,opendde,OpenDDE
7zfb_H_B,97.51237854977413,crystal,opendde,OpenDDE
7zfc_H_A,94.61221262514184,crystal,opendde,OpenDDE
7zfe_H_A,96.23945515859606,crystal,opendde,OpenDDE
7zfe_H_B,96.1556250016592,crystal,opendde,OpenDDE
7zfe_H_C,96.45445043887987,crystal,opendde,OpenDDE
7zfe_H_D,90.05891404993174,crystal,opendde,OpenDDE
7zk1_H_A,88.28374138327784,crystal,opendde,OpenDDE
7zk1_H_B,97.75730987889251,crystal,opendde,OpenDDE
7zkz_H_A,97.31988063637333,crystal,opendde,OpenDDE
7zkz_H_B,97.29304170611373,crystal,opendde,OpenDDE
7zlg_H_A,73.542525467605,crystal,opendde,OpenDDE
7zlh_H_A,69.82591702016762,crystal,opendde,OpenDDE
7zli_H_A,70.11224811095019,crystal,opendde,OpenDDE
7zlj_H_A,93.21102254595856,crystal,opendde,OpenDDE
7zyi_H_A,68.81296763252692,crystal,opendde,OpenDDE
8aom_H_A,92.82398455517404,crystal,opendde,OpenDDE
8bev_H_A,92.73046720831567,crystal,opendde,OpenDDE
8c3k_H_A,19.44977728137185,crystal,opendde,OpenDDE
8c8p_H_A,95.45243848256274,crystal,opendde,OpenDDE
8cii_H_A,98.84841693688364,crystal,opendde,OpenDDE
8cwv_H_A,98.19246664582562,crystal,opendde,OpenDDE
8cyj_H_A,87.54347850774494,crystal,opendde,OpenDDE
8cyj_H_B,87.71019659281613,crystal,opendde,OpenDDE
8cyj_H_C,87.70057845305064,crystal,opendde,OpenDDE
8cyj_H_D,87.63317301614974,crystal,opendde,OpenDDE
8di5_H_A,94.96632980307598,crystal,opendde,OpenDDE
8dly_H_A,95.3248797020873,crystal,opendde,OpenDDE
8dm0_H_A,95.10715155016548,crystal,opendde,OpenDDE
8dqu_H_A,21.33901597557064,crystal,opendde,OpenDDE
8dqu_H_B,23.25709549101408,crystal,opendde,OpenDDE
8elo_H_A,98.87075014172224,crystal,opendde,OpenDDE
8elp_H_A,99.09140905634926,crystal,opendde,OpenDDE
8elq_H_A,98.11414357988134,crystal,opendde,OpenDDE
8ew6_H_A,86.18524600302308,crystal,opendde,OpenDDE
8g79_H_A,96.30550255572284,crystal,opendde,OpenDDE
8g79_H_B,95.88906803426976,crystal,opendde,OpenDDE
8g79_H_C,94.60390618370424,crystal,opendde,OpenDDE
8gq5_H_A,44.89397660809157,crystal,opendde,OpenDDE
8gq5_H_B,51.1726677667847,crystal,opendde,OpenDDE
8gq5_H_C,47.27212985738035,crystal,opendde,OpenDDE
8gq5_H_D,45.05578943974382,crystal,opendde,OpenDDE
8gq5_H_E,43.97760938917655,crystal,opendde,OpenDDE
8gq5_H_F,48.272286902487785,crystal,opendde,OpenDDE
8gq5_H_G,40.76087585639442,crystal,opendde,OpenDDE
8gq5_I_A,42.19082194575145,crystal,opendde,OpenDDE
8gq5_I_B,43.47787504500133,crystal,opendde,OpenDDE
8gq5_I_C,52.48024959069599,crystal,opendde,OpenDDE
8gq5_I_D,47.01901690959798,crystal,opendde,OpenDDE
8gq5_I_E,54.19535266505427,crystal,opendde,OpenDDE
8gq5_I_F,47.49469417415662,crystal,opendde,OpenDDE
8gq5_I_G,43.42088250554135,crystal,opendde,OpenDDE
8gq5_J_A,47.69517482093338,crystal,opendde,OpenDDE
8gq5_J_B,45.49542339090048,crystal,opendde,OpenDDE
8gsi_H_A,77.36484713008839,crystal,opendde,OpenDDE
8h5t_H_A,92.60149548261124,crystal,opendde,OpenDDE
8h5u_H_A,98.70497904380166,crystal,opendde,OpenDDE
8h5u_H_B,98.19137904741176,crystal,opendde,OpenDDE
8h91_H_A,98.62742399616836,crystal,opendde,OpenDDE
8h91_H_B,98.47029561644304,crystal,opendde,OpenDDE
8hbg_H_A,22.61073168960816,crystal,opendde,OpenDDE
8hbi_H_A,47.51660417286127,crystal,opendde,OpenDDE
8hbj_H_A,22.516432179392567,crystal,opendde,OpenDDE
8hbj_H_B,38.41397007191375,crystal,opendde,OpenDDE
8heg_H_A,23.32016024486597,crystal,opendde,OpenDDE
8hii_H_A,76.60176998900752,crystal,opendde,OpenDDE
8hij_H_A,96.16906588473068,crystal,opendde,OpenDDE
8hik_H_A,56.604901205178,crystal,opendde,OpenDDE
8hr2_H_A,94.2282909262527,crystal,opendde,OpenDDE
8hr2_H_B,94.5564395473704,crystal,opendde,OpenDDE
8ilx_H_A,99.0948081643916,crystal,opendde,OpenDDE
8ilx_H_B,99.26398432154387,crystal,opendde,OpenDDE
8im0_H_A,99.27076431614718,crystal,opendde,OpenDDE
8im1_H_A,99.31709522085718,crystal,opendde,OpenDDE
8j5j_H_A,97.97919443931646,crystal,opendde,OpenDDE
8j9o_H_A,94.89152731640822,crystal,opendde,OpenDDE
8jh7_H_A,68.49285367266876,crystal,opendde,OpenDDE
8jhc_H_A,67.05202041870334,crystal,opendde,OpenDDE
8jys_H_A,89.21764406317322,crystal,opendde,OpenDDE
8jys_H_B,91.08535275724763,crystal,opendde,OpenDDE
8k33_H_A,99.44634117834129,crystal,opendde,OpenDDE
8k33_H_B,99.48353665786932,crystal,opendde,OpenDDE
8k33_H_C,99.63137729894297,crystal,opendde,OpenDDE
8k33_H_D,99.1290508111407,crystal,opendde,OpenDDE
8k33_H_E,99.48636293204989,crystal,opendde,OpenDDE
8k33_H_F,99.61791441943714,crystal,opendde,OpenDDE
8k33_H_G,99.53818301493868,crystal,opendde,OpenDDE
8k33_I_A,99.58311121792808,crystal,opendde,OpenDDE
8k33_I_B,99.50258064500144,crystal,opendde,OpenDDE
8k33_I_C,99.563635751545,crystal,opendde,OpenDDE
8k33_I_D,99.4550117229262,crystal,opendde,OpenDDE
8k33_I_E,99.51795538477968,crystal,opendde,OpenDDE
8k3a_H_A,99.08943208231416,crystal,opendde,OpenDDE
8k3l_H_A,99.32431226382644,crystal,opendde,OpenDDE
8k3l_H_B,99.15132179445185,crystal,opendde,OpenDDE
8k3l_H_C,99.16679062799452,crystal,opendde,OpenDDE
8k3l_H_D,99.16796346822892,crystal,opendde,OpenDDE
8k4q_H_A,96.3962564973625,crystal,opendde,OpenDDE
8kae_H_A,95.25246225439405,crystal,opendde,OpenDDE
8odx_H_A,71.50674261178999,crystal,opendde,OpenDDE
8owt_H_A,97.578275592142,crystal,opendde,OpenDDE
8owt_H_B,97.20286928002928,crystal,opendde,OpenDDE
8owt_H_C,98.76063080385232,crystal,opendde,OpenDDE
8owt_H_D,98.69567436001844,crystal,opendde,OpenDDE
8owv_H_A,97.2665739728248,crystal,opendde,OpenDDE
8ozb_H_A,97.55663644826254,crystal,opendde,OpenDDE
8ozb_H_B,97.01232738203352,crystal,opendde,OpenDDE
8pih_H_A,89.24919000666249,crystal,opendde,OpenDDE
8pih_H_B,93.34920623888507,crystal,opendde,OpenDDE
8pkc_H_A,96.96691050927473,crystal,opendde,OpenDDE
8pkc_H_B,97.50843049604325,crystal,opendde,OpenDDE
8q7s_H_A,96.01285523749142,crystal,opendde,OpenDDE
8q7s_H_B,98.47254268457569,crystal,opendde,OpenDDE
8q7s_H_C,98.13448802066742,crystal,opendde,OpenDDE
8q7s_H_D,98.43323351552594,crystal,opendde,OpenDDE
8q7s_H_E,98.4537193143118,crystal,opendde,OpenDDE
8q7s_H_F,97.98634783952848,crystal,opendde,OpenDDE
8q93_H_A,92.216195751375,crystal,opendde,OpenDDE
8q93_H_B,92.34663788690357,crystal,opendde,OpenDDE
8q94_H_A,93.87215312160332,crystal,opendde,OpenDDE
8q94_H_B,94.32589596713728,crystal,opendde,OpenDDE
8q95_H_A,90.65631054553876,crystal,opendde,OpenDDE
8q95_H_B,89.92146625484754,crystal,opendde,OpenDDE
8qf3_H_A,96.03427972573006,crystal,opendde,OpenDDE
8qf3_H_B,96.65285665783368,crystal,opendde,OpenDDE
8qf5_H_A,78.61059704268501,crystal,opendde,OpenDDE
8qf5_H_B,72.73276148776283,crystal,opendde,OpenDDE
8qgx_H_A,99.27195754121222,crystal,opendde,OpenDDE
8qj2_H_A,88.50498613913625,crystal,opendde,OpenDDE
8qot_H_A,66.92363064269921,crystal,opendde,OpenDDE
8r61_H_A,98.0579347550172,crystal,opendde,OpenDDE
8r61_H_B,98.02488613665118,crystal,opendde,OpenDDE
8r61_H_C,98.78210466967708,crystal,opendde,OpenDDE
8r61_H_D,98.23298936469796,crystal,opendde,OpenDDE
8r61_H_E,99.23877143645072,crystal,opendde,OpenDDE
8r61_H_F,98.57509919032,crystal,opendde,OpenDDE
8r80_H_A,98.66382993894544,crystal,opendde,OpenDDE
8r80_H_B,97.79092209219452,crystal,opendde,OpenDDE
8rby_H_A,97.09492168552532,crystal,opendde,OpenDDE
8rcq_H_A,61.40700530832468,crystal,opendde,OpenDDE
8rj7_H_A,98.95136142670984,crystal,opendde,OpenDDE
8rj7_H_B,98.51922943861278,crystal,opendde,OpenDDE
8rj7_H_C,98.93131292881996,crystal,opendde,OpenDDE
8rj7_H_D,98.60111966788392,crystal,opendde,OpenDDE
8rj7_H_E,98.14020806036169,crystal,opendde,OpenDDE
8rmm_H_A,87.17116696975408,crystal,opendde,OpenDDE
8rqf_H_A,98.04591642328003,crystal,opendde,OpenDDE
8rwf_H_A,86.89049929768854,crystal,opendde,OpenDDE
8rwf_H_B,89.74228365313249,crystal,opendde,OpenDDE
8rwf_H_C,89.46978238884823,crystal,opendde,OpenDDE
8sk5_H_A,98.7366077792082,crystal,opendde,OpenDDE
8t58_H_A,78.85955243888382,crystal,opendde,OpenDDE
8t58_H_B,61.33687180108012,crystal,opendde,OpenDDE
8t9y_H_A,82.4697352659933,crystal,opendde,OpenDDE
8tb7_H_A,95.2778920148692,crystal,opendde,OpenDDE
8tgz_H_A,41.392645985084094,crystal,opendde,OpenDDE
8tii_H_A,96.9530180297852,crystal,opendde,OpenDDE
8u3s_H_A,97.06715217552592,crystal,opendde,OpenDDE
8u4v_H_A,69.8661479941778,crystal,opendde,OpenDDE
8u9y_H_A,42.93671693063542,crystal,opendde,OpenDDE
8uoa_H_A,92.2104781756316,crystal,opendde,OpenDDE
8w90_H_A,90.19872400824688,crystal,opendde,OpenDDE
8w90_H_B,94.00279329733958,crystal,opendde,OpenDDE
8w90_H_C,89.33500348111995,crystal,opendde,OpenDDE
8wnp_H_A,94.965805262926,crystal,opendde,OpenDDE
8wnp_H_B,93.6105176640824,crystal,opendde,OpenDDE
8wnu_H_A,89.77976586044879,crystal,opendde,OpenDDE
8wnu_H_B,91.6922290227742,crystal,opendde,OpenDDE
8wo4_H_A,70.6536577151328,crystal,opendde,OpenDDE
8wo4_H_B,72.74502203300555,crystal,opendde,OpenDDE
8x7n_H_A,97.83568070901838,crystal,opendde,OpenDDE
8x7n_H_B,97.87614293776532,crystal,opendde,OpenDDE
8x7n_H_C,97.83395435270204,crystal,opendde,OpenDDE
8x7n_H_D,97.81264207318894,crystal,opendde,OpenDDE
8x7n_H_E,97.94118204845232,crystal,opendde,OpenDDE
8xk2_H_A,97.19460633718371,crystal,opendde,OpenDDE
8xk2_H_B,95.11996926724903,crystal,opendde,OpenDDE
8xk2_H_C,95.29742267733371,crystal,opendde,OpenDDE
8xk2_H_D,93.35930710973874,crystal,opendde,OpenDDE
8xld_H_A,98.5445386470168,crystal,opendde,OpenDDE
8xvj_H_A,91.9958332509889,crystal,opendde,OpenDDE
8xvk_H_A,62.09406046104925,crystal,opendde,OpenDDE
8xvl_H_A,72.35209080696643,crystal,opendde,OpenDDE
8ybl_H_A,98.40136753515571,crystal,opendde,OpenDDE
8ybm_H_A,98.90418649387384,crystal,opendde,OpenDDE
8ybm_H_B,98.28798891433654,crystal,opendde,OpenDDE
8ybn_H_A,95.2684757933646,crystal,opendde,OpenDDE
8ybo_H_A,98.77938459671886,crystal,opendde,OpenDDE
8ybo_H_B,98.73362338401564,crystal,opendde,OpenDDE
8ybp_H_A,96.30382000008946,crystal,opendde,OpenDDE
8yns_H_A,89.15031513129777,crystal,opendde,OpenDDE
8ynt_H_A,58.579814406064976,crystal,opendde,OpenDDE
8ysf_H_A,95.61896943673392,crystal,opendde,OpenDDE
8ysf_H_B,96.51242844069336,crystal,opendde,OpenDDE
8ysh_H_A,98.55334071828004,crystal,opendde,OpenDDE
8yw6_H_A,71.56836621251765,crystal,opendde,OpenDDE
8yw8_H_A,66.61439524320046,crystal,opendde,OpenDDE
8z8l_H_A,93.17686807529448,crystal,opendde,OpenDDE
8zbb_H_A,83.65353667753483,crystal,opendde,OpenDDE
8zer_H_A,98.0891697976794,crystal,opendde,OpenDDE
8zer_H_B,98.86923986059824,crystal,opendde,OpenDDE
8zer_H_C,98.89827919297193,crystal,opendde,OpenDDE
8zer_H_D,98.7715205699822,crystal,opendde,OpenDDE
8zer_H_E,98.53303282317415,crystal,opendde,OpenDDE
8zes_H_A,98.61469817234874,crystal,opendde,OpenDDE
8zes_H_B,98.71187547178792,crystal,opendde,OpenDDE
8zes_H_C,98.19805250947522,crystal,opendde,OpenDDE
8zes_H_D,98.55135318649378,crystal,opendde,OpenDDE
8zes_H_E,98.4206659023248,crystal,opendde,OpenDDE
8zrd_H_A,98.561560152206,crystal,opendde,OpenDDE
8zrd_H_B,94.40275542682237,crystal,opendde,OpenDDE
9b2c_H_A,60.86214333864319,crystal,opendde,OpenDDE
9bei_H_A,64.28113792198793,crystal,opendde,OpenDDE
9cmi_H_A,66.16138502942862,crystal,opendde,OpenDDE
9co7_H_A,92.92648332587603,crystal,opendde,OpenDDE
9co9_H_A,93.73494307309828,crystal,opendde,OpenDDE
9d3e_H_A,68.6738170480372,crystal,opendde,OpenDDE
9d3g_H_A,69.65278257300041,crystal,opendde,OpenDDE
9dpe_H_A,98.29697491761608,crystal,opendde,OpenDDE
9ee5_H_A,70.36047197844472,crystal,opendde,OpenDDE
9ehs_H_A,69.60427251939382,crystal,opendde,OpenDDE
9ei5_H_A,91.1545808103178,crystal,opendde,OpenDDE
9ekh_H_A,71.11387426015153,crystal,opendde,OpenDDE
9ert_H_A,94.72518886931238,crystal,opendde,OpenDDE
9eru_H_A,95.61260300975778,crystal,opendde,OpenDDE
9eru_H_B,96.05647156928032,crystal,opendde,OpenDDE
9eru_H_C,96.16563497636427,crystal,opendde,OpenDDE
9eru_H_D,96.982411964213,crystal,opendde,OpenDDE
9erw_H_A,95.59614818180928,crystal,opendde,OpenDDE
9etl_H_A,97.36991922551198,crystal,opendde,OpenDDE
9etl_H_B,97.00502600794206,crystal,opendde,OpenDDE
9ezi_H_A,98.02546142688728,crystal,opendde,OpenDDE
9ezu_H_A,96.9153667964423,crystal,opendde,OpenDDE
9ezw_H_A,98.142769021185,crystal,opendde,OpenDDE
9fww_H_A,97.6849050188848,crystal,opendde,OpenDDE
9fzc_H_A,96.62437586255626,crystal,opendde,OpenDDE
9fzc_H_B,96.47354909012424,crystal,opendde,OpenDDE
9fzd_H_A,97.66755604489364,crystal,opendde,OpenDDE
9g4g_H_A,83.41841089652713,crystal,opendde,OpenDDE
9g5l_H_A,97.36180639086945,crystal,opendde,OpenDDE
9g5z_H_A,97.41575332151544,crystal,opendde,OpenDDE
9gcn_H_A,92.5430776178516,crystal,opendde,OpenDDE
9gcn_H_B,92.92594208486196,crystal,opendde,OpenDDE
9gcn_H_C,92.85165418669366,crystal,opendde,OpenDDE
9gcn_H_D,92.05823311960069,crystal,opendde,OpenDDE
9glz_H_A,94.94862918385336,crystal,opendde,OpenDDE
9glz_H_B,95.62626795754944,crystal,opendde,OpenDDE
9h1f_H_A,95.09526353684488,crystal,opendde,OpenDDE
9hap_H_A,98.6340154079205,crystal,opendde,OpenDDE
9hb3_H_A,98.51905221772178,crystal,opendde,OpenDDE
9hll_H_A,98.63167241560112,crystal,opendde,OpenDDE
9hml_H_A,88.07345571781602,crystal,opendde,OpenDDE
9ho4_H_A,99.13669079837778,crystal,opendde,OpenDDE
9ho5_H_A,98.17797676921724,crystal,opendde,OpenDDE
9ho6_H_A,98.42252734283568,crystal,opendde,OpenDDE
9ho6_H_B,98.4163721422984,crystal,opendde,OpenDDE
9imx_H_A,95.21891871231996,crystal,opendde,OpenDDE
9imx_H_B,96.7501864342428,crystal,opendde,OpenDDE
9imx_H_C,94.92390594131837,crystal,opendde,OpenDDE
9imx_H_D,96.45686162887722,crystal,opendde,OpenDDE
9isf_H_A,83.04655993356825,crystal,opendde,OpenDDE
9iya_H_A,73.19180681872486,crystal,opendde,OpenDDE
9j7y_H_A,95.70202507880644,crystal,opendde,OpenDDE
9j9z_H_A,88.13325080622813,crystal,opendde,OpenDDE
9jfu_H_A,70.37909143192992,crystal,opendde,OpenDDE
9jg0_H_A,98.3419415623483,crystal,opendde,OpenDDE
9jo9_H_A,98.74446111813204,crystal,opendde,OpenDDE
9jo9_H_B,98.63366070676678,crystal,opendde,OpenDDE
9jo9_H_C,98.5491061661733,crystal,opendde,OpenDDE
9jo9_H_D,98.5655483883086,crystal,opendde,OpenDDE
9jo9_H_E,98.84636917582776,crystal,opendde,OpenDDE
9jo9_H_F,98.89570000531612,crystal,opendde,OpenDDE
9jo9_H_G,98.79817910683713,crystal,opendde,OpenDDE
9jo9_I_A,98.58996333147807,crystal,opendde,OpenDDE
9jo9_I_B,98.79642711172892,crystal,opendde,OpenDDE
9jo9_I_C,98.87611548422105,crystal,opendde,OpenDDE
9jqt_H_A,97.90348980530985,crystal,opendde,OpenDDE
9jro_H_A,96.776299904045,crystal,opendde,OpenDDE
9jrt_H_A,93.16583497695032,crystal,opendde,OpenDDE
9k94_H_A,98.35421383120324,crystal,opendde,OpenDDE
9k94_H_B,98.33472077676072,crystal,opendde,OpenDDE
9k94_H_C,98.30658828073956,crystal,opendde,OpenDDE
9k94_H_D,98.2069807206492,crystal,opendde,OpenDDE
9k94_H_E,98.19084135165252,crystal,opendde,OpenDDE
9knw_H_A,51.4279220152996,crystal,opendde,OpenDDE
9knx_H_A,74.67938379733555,crystal,opendde,OpenDDE
9kny_H_A,49.89366666943384,crystal,opendde,OpenDDE
9l9o_H_A,70.12691341054504,crystal,opendde,OpenDDE
9lh2_H_A,97.84436026596258,crystal,opendde,OpenDDE
9lh2_H_B,98.55742566954056,crystal,opendde,OpenDDE
9lmo_H_A,97.5392030578728,crystal,opendde,OpenDDE
9lvb_H_A,68.6136209149963,crystal,opendde,OpenDDE
9m5d_H_A,96.48838463307968,crystal,opendde,OpenDDE
9min_H_A,96.72335824072498,crystal,opendde,OpenDDE
9my8_H_A,96.2117902517126,crystal,opendde,OpenDDE
9nn9_H_A,93.44920867235822,crystal,opendde,OpenDDE
9nn9_H_B,95.1497874894874,crystal,opendde,OpenDDE
9npt_H_A,91.44240844755151,crystal,opendde,OpenDDE
9npt_H_B,91.99718494421111,crystal,opendde,OpenDDE
9npt_H_C,91.61908650785776,crystal,opendde,OpenDDE
9o5s_H_A,98.49633098671384,crystal,opendde,OpenDDE
9o5s_H_B,98.32713091206668,crystal,opendde,OpenDDE
9obn_H_A,92.71013438209371,crystal,opendde,OpenDDE
9obn_H_B,94.26616122957384,crystal,opendde,OpenDDE
9opr_H_A,97.2415299721976,crystal,opendde,OpenDDE
9pee_H_A,67.89174703084578,crystal,opendde,OpenDDE
9pkv_H_A,94.7174815534778,crystal,opendde,OpenDDE
9pxu_H_A,95.75531158309852,crystal,opendde,OpenDDE
9qqs_H_A,50.97087653259107,crystal,opendde,OpenDDE
9qt3_H_A,96.97697209253494,crystal,opendde,OpenDDE
9qt3_H_B,97.23428566150083,crystal,opendde,OpenDDE
9qt3_H_C,97.86076069494769,crystal,opendde,OpenDDE
9qt3_H_D,98.8992394399052,crystal,opendde,OpenDDE
9qty_H_A,47.93728332635291,crystal,opendde,OpenDDE
9rma_H_A,95.95809716832174,crystal,opendde,OpenDDE
9rn6_H_A,94.04657703774444,crystal,opendde,OpenDDE
9rn6_H_B,94.21970520844934,crystal,opendde,OpenDDE
9rsj_H_A,94.61256460549257,crystal,opendde,OpenDDE
9shd_H_A,97.76929988182084,crystal,opendde,OpenDDE
9t9m_H_A,74.390417924438,crystal,opendde,OpenDDE
9ulm_H_A,79.23427818966209,crystal,opendde,OpenDDE
9ulm_H_B,84.91246157784173,crystal,opendde,OpenDDE
9uln_H_A,84.95064149287636,crystal,opendde,OpenDDE
9uoc_H_A,97.66485001483282,crystal,opendde,OpenDDE
9uoc_H_B,97.15631412640124,crystal,opendde,OpenDDE
9uoc_H_C,97.2244759578756,crystal,opendde,OpenDDE
9uoc_H_D,95.57797718271728,crystal,opendde,OpenDDE
9uoi_H_A,98.92024550400726,crystal,opendde,OpenDDE
9uuf_H_A,93.55924757717564,crystal,opendde,OpenDDE
9uuf_H_B,88.57368995070875,crystal,opendde,OpenDDE
9v0o_H_A,98.42141424250153,crystal,opendde,OpenDDE
9v0o_H_B,98.62102330316648,crystal,opendde,OpenDDE
9v0o_H_C,98.75898504550884,crystal,opendde,OpenDDE
9v0o_H_D,98.70624553715152,crystal,opendde,OpenDDE
9wpi_H_A,98.28481345972294,crystal,opendde,OpenDDE
9xzx_H_A,91.45403517660527,crystal,opendde,OpenDDE
9xzx_H_B,91.43087725961846,crystal,opendde,OpenDDE
9yc3_H_A,83.72270644911089,crystal,opendde,OpenDDE
9yfu_H_A,71.7986423621834,crystal,opendde,OpenDDE
9ytd_H_A,98.03275092249808,crystal,opendde,OpenDDE
9ytf_H_A,99.0611771032611,crystal,opendde,OpenDDE
9yxd_H_A,95.92644128917452,crystal,opendde,OpenDDE
9z3j_H_A,98.68154907595638,crystal,opendde,OpenDDE
9zg5_H_A,96.92692634091156,crystal,opendde,OpenDDE
9zg5_H_B,96.74617028133392,crystal,opendde,OpenDDE
9zg5_H_C,96.67772995047602,crystal,opendde,OpenDDE
9zg5_H_D,96.66566322533,crystal,opendde,OpenDDE
